주문자코드(Sold to),건수,배송지(Ship-to) 수,출하RDC,배송지역
2516,122568,428,계룡RDC / 제주RDC / 제천RDC / 칠곡RDC / 평택RDC,강원도 강릉시 / 강원도 동해시 / 강원도 원주시 / 강원도 춘천시 / 강원도 태백시 / 경기도 고양시 덕양구 / 경기도 고양시 일산동구 / 경기도 고양시 일산서구 / 경기도 과천시 / 경기도 광주시 / 경기도 구리시 / 경기도 군포시 / 경기도 김포시 / 경기도 남양주시 / 경기도 동두천시 / 경기도 부천시 원미구 / 경기도 성남시 분당구 / 경기도 성남시 중원구 / 경기도 수원시 권선구 / 경기도 수원시 영통구 / 경기도 수원시 장안구 / 경기도 수원시 팔달구 / 경기도 시흥시 / 경기도 안산시 단원구 / 경기도 안성시 / 경기도 안양시 동안구 / 경기도 안양시 만안구 / 경기도 양주시 / 경기도 양평군 / 경기도 연천군 / 경기도 오산시 / 경기도 용인시 기흥구 / 경기도 용인시 수지구 / 경기도 용인시 처인구 / 경기도 의왕시 / 경기도 의정부시 / 경기도 파주시 / 경기도 평택시 / 경기도 포천시 / 경기도 하남시 / 경기도 화성시 / 경상남도 거제시 / 경상남도 거창군 / 경상남도 김해시 / 경상남도 사천시 / 경상남도 산청군 / 경상남도 양산시 / 경상남도 진주시 / 경상남도 창녕군 / 경상남도 창원시 마산합포구 / 경상남도 창원시 마산회원구 / 경상남도 창원시 성산구 / 경상남도 창원시 의창구 / 경상남도 창원시 진해구 / 경상남도 통영시 / 경상북도 경산시 / 경상북도 경주시 / 경상북도 구미시 / 경상북도 김천시 / 경상북도 상주시 / 경상북도 성주군 / 경상북도 안동시 / 경상북도 영덕군 / 경상북도 영주시 / 경상북도 예천군 / 경상북도 울진군 / 경상북도 포항시 남구 / 경상북도 포항시 북구 / 광주광역시 광산구 / 광주광역시 북구 / 광주광역시 서구 / 대구광역시 달서구 / 대구광역시 달성군 / 대구광역시 동구 / 대구광역시 북구 / 대구광역시 서구 / 대구광역시 수성구 / 대전광역시 대덕구 / 대전광역시 동구 / 대전광역시 서구 / 대전광역시 유성구 / 대전광역시 중구 / 부산광역시 금정구 / 부산광역시 기장군 / 부산광역시 남구 / 부산광역시 동래구 / 부산광역시 사상구 / 부산광역시 사하구 / 부산광역시 서구 / 부산광역시 수영구 / 부산광역시 연제구 / 부산광역시 중구 / 부산광역시 해운대구 / 서울특별시 강남구 / 서울특별시 강동구 / 서울특별시 강서구 / 서울특별시 관악구 / 서울특별시 구로구 / 서울특별시 금천구 / 서울특별시 도봉구 / 서울특별시 동대문구 / 서울특별시 마포구 / 서울특별시 서초구 / 서울특별시 성동구 / 서울특별시 성북구 / 서울특별시 송파구 / 서울특별시 양천구 / 서울특별시 영등포구 / 서울특별시 용산구 / 서울특별시 은평구 / 서울특별시 종로구 / 서울특별시 중구 / 서울특별시 중랑구 / 세종특별자치시 세종특별자치시 / 울산광역시 남구 / 울산광역시 북구 / 울산광역시 중구 / 인천광역시 계양구 / 인천광역시 남동구 / 인천광역시 동구 / 인천광역시 미추홀구 / 인천광역시 부평구 / 인천광역시 연수구 / 인천광역시 중구 / 전라남도 광양시 / 전라남도 나주시 / 전라남도 목포시 / 전라남도 무안군 / 전라남도 보성군 / 전라남도 순천시 / 전라남도 여수시 / 전라남도 화순군 / 전라북도 군산시 / 전라북도 남원시 / 전라북도 완주군 / 전라북도 익산시 / 전라북도 전주시 덕진구 / 전라북도 전주시 완산구 / 전라북도 정읍시 / 제주특별자치도 서귀포시 / 제주특별자치도 제주시 / 충청남도 공주시 / 충청남도 금산군 / 충청남도 당진시 / 충청남도 부여군 / 충청남도 서산시 / 충청남도 서천군 / 충청남도 아산시 / 충청남도 예산군 / 충청남도 천안시 동남구 / 충청남도 천안시 서북구 / 충청남도 태안군 / 충청남도 홍성군 / 충청북도 영동군 / 충청북도 음성군 / 충청북도 제천시 / 충청북도 진천군 / 충청북도 청주시 상당구 / 충청북도 청주시 서원구 / 충청북도 청주시 청원구 / 충청북도 청주시 흥덕구 / 충청북도 충주시
1408,3350,4,칠곡RDC,대구광역시 남구 / 대구광역시 북구 / 대구광역시 중구
6286,2363,4,칠곡RDC,경상북도 구미시 / 대구광역시 북구
KP12314,1903,1,계룡RDC,전라북도 완주군
316,1851,8,평택RDC,경기도 고양시 덕양구 / 경기도 고양시 일산동구 / 경기도 고양시 일산서구 / 경기도 광명시 / 경기도 용인시 기흥구 / 서울특별시 서초구
2290,1608,8,평택RDC,경기도 고양시 일산동구 / 서울특별시 구로구 / 서울특별시 양천구 / 서울특별시 은평구
670,1446,4,평택RDC,경기도 고양시 덕양구 / 경기도 부천시 원미구 / 인천광역시 부평구
KP12869,1328,2,제천RDC / 평택RDC,경기도 여주시 / 경기도 용인시 처인구
1726,1312,2,계룡RDC,광주광역시 광산구 / 전라남도 나주시
KP12834,1298,1,평택RDC,서울특별시 노원구
7863,1269,2,평택RDC,경기도 시흥시 / 경기도 안산시 상록구
302,1173,2,평택RDC,서울특별시 서초구
7556,1085,8,제천RDC,강원도 강릉시 / 강원도 속초시 / 강원도 인제군 / 강원도 평창군
KP13259,1075,1,평택RDC,서울특별시 영등포구
KP11899,1044,2,평택RDC,경기도 고양시 일산동구 / 경기도 용인시 기흥구
1473,1033,1,칠곡RDC,경상북도 안동시
KP12870,936,1,제천RDC,강원도 원주시
9376,884,5,계룡RDC / 평택RDC,광주광역시 광산구 / 광주광역시 서구 / 서울특별시 강남구 / 전라남도 목포시 / 전라남도 순천시
1833,877,6,계룡RDC,전라북도 군산시 / 전라북도 부안군 / 전라북도 익산시 / 전라북도 전주시 덕진구 / 전라북도 전주시 완산구 / 전라북도 정읍시
679,844,3,계룡RDC / 평택RDC,광주광역시 서구 / 인천광역시 서구
KP12387,813,1,평택RDC,경기도 용인시 기흥구
7832,809,5,계룡RDC,대전광역시 대덕구 / 대전광역시 서구 / 대전광역시 유성구
KP12474,801,1,칠곡RDC,대구광역시 동구
KH02138,798,1,제천RDC,강원도 원주시
1282,795,3,칠곡RDC,경상북도 포항시 북구
1928,756,3,제천RDC / 칠곡RDC,강원도 원주시 / 울산광역시 남구 / 울산광역시 울주군
270,745,11,평택RDC,서울특별시 강남구 / 서울특별시 서대문구 / 서울특별시 서초구 / 서울특별시 송파구
KP11091,735,1,칠곡RDC,경상북도 경주시
KP13671,727,1,평택RDC,충청북도 음성군
5866,719,3,칠곡RDC,경상남도 양산시 / 부산광역시 강서구 / 부산광역시 사상구
10287,714,1,계룡RDC,전라남도 순천시
1220,704,2,칠곡RDC,경상남도 창원시 성산구 / 경상남도 함안군
KP12220,699,1,평택RDC,경기도 하남시
650,690,1,평택RDC,인천광역시 서구
5481,689,3,평택RDC,충청남도 아산시 / 충청남도 천안시 서북구
KH10563,684,1,칠곡RDC,경상북도 포항시 북구
264,682,6,계룡RDC / 제천RDC / 평택RDC,경기도 고양시 일산동구 / 경기도 광명시 / 대전광역시 대덕구 / 서울특별시 구로구 / 충청북도 충주시
KP12535,664,1,평택RDC,경기도 화성시
1093,658,2,칠곡RDC,경상북도 구미시
KP13033,653,1,평택RDC,경기도 화성시
296,651,2,평택RDC,서울특별시 송파구 / 서울특별시 용산구
KH08468,650,1,칠곡RDC,부산광역시 부산진구
KP13438,648,1,계룡RDC,충청남도 보령시
7606,639,1,제천RDC,강원도 원주시
KP12885,635,1,칠곡RDC,울산광역시 남구
KP13212,635,1,칠곡RDC,경상북도 문경시
KP11127,628,1,평택RDC,서울특별시 중랑구
4981,624,2,칠곡RDC,경상남도 창원시 의창구
1016,598,2,계룡RDC / 제천RDC,강원도 정선군 / 충청북도 청주시 청원구
KH10676,595,1,계룡RDC,전라남도 광양시
KP11931,592,2,칠곡RDC,대구광역시 달서구 / 대구광역시 북구
KP12894,589,1,평택RDC,인천광역시 서구
1885,578,6,계룡RDC,전라남도 목포시 / 전라남도 완도군 / 전라남도 진도군 / 전라남도 해남군
662,571,1,평택RDC,인천광역시 남동구
599,569,1,평택RDC,경기도 수원시 권선구
1031,564,1,제천RDC,강원도 춘천시
1457,559,1,칠곡RDC,경상북도 안동시
561,551,1,평택RDC,인천광역시 남동구
727,546,1,평택RDC,경기도 안산시 상록구
10402,545,6,계룡RDC,광주광역시 광산구 / 광주광역시 남구 / 광주광역시 동구 / 광주광역시 서구
10220,537,3,평택RDC,경기도 부천시 원미구 / 인천광역시 부평구 / 인천광역시 연수구
KP13262,535,1,칠곡RDC,경상북도 포항시 북구
461,526,1,평택RDC,서울특별시 영등포구
KP11688,526,1,칠곡RDC,부산광역시 기장군
KH05558,524,1,평택RDC,경기도 고양시 일산서구
KP13071,521,1,칠곡RDC,경상북도 포항시 북구
1909,512,1,계룡RDC,충청북도 청주시 흥덕구
8395,510,1,칠곡RDC,대구광역시 동구
1911,500,2,계룡RDC,충청북도 청주시 서원구 / 충청북도 청주시 흥덕구
1114,498,3,칠곡RDC,경상북도 구미시 / 대구광역시 달성군 / 대구광역시 북구
776,496,1,계룡RDC,대전광역시 대덕구
1221,491,1,칠곡RDC,경상남도 창원시 의창구
KP12892,485,1,계룡RDC,전라남도 순천시
701,484,1,평택RDC,경기도 안양시 동안구
7888,480,2,평택RDC,경기도 남양주시 / 서울특별시 송파구
342,479,1,평택RDC,서울특별시 은평구
KP13295,478,1,칠곡RDC,대구광역시 북구
KP12428,462,1,칠곡RDC,경상남도 진주시
754,462,1,계룡RDC,대전광역시 대덕구
562,461,1,평택RDC,인천광역시 중구
KP12370,461,1,칠곡RDC,울산광역시 중구
7623,457,2,칠곡RDC,울산광역시 울주군
KH11018,450,1,평택RDC,충청남도 홍성군
KP13785,443,1,평택RDC,경기도 화성시
4674,440,3,평택RDC,경기도 부천시 원미구 / 인천광역시 미추홀구 / 인천광역시 부평구
KP12383,435,1,평택RDC,경기도 수원시 권선구
10360,430,5,평택RDC,경기도 부천시 원미구 / 경기도 시흥시
KP11444,424,1,계룡RDC,충청북도 청주시 상당구
368,424,3,평택RDC,서울특별시 강북구 / 서울특별시 구로구 / 서울특별시 도봉구
4703,410,5,제천RDC,강원도 강릉시 / 강원도 속초시 / 강원도 인제군
6768,407,1,계룡RDC,전라남도 여수시
KP12017,407,1,칠곡RDC,대구광역시 달서구
KP12996,403,1,제천RDC,강원도 춘천시
511,399,6,평택RDC,경기도 성남시 분당구
994,398,1,제천RDC,강원도 양양군
KP13265,396,1,칠곡RDC,경상북도 경주시
KP13219,394,1,평택RDC,경기도 광주시
KP12880,394,1,계룡RDC,대전광역시 유성구
10549,390,2,평택RDC,경기도 남양주시
9672,390,22,계룡RDC / 평택RDC,대전광역시 동구 / 세종특별자치시 세종특별자치시 / 충청남도 논산시 / 충청남도 당진시 / 충청남도 보령시 / 충청남도 서산시 / 충청남도 아산시 / 충청남도 천안시 동남구 / 충청남도 천안시 서북구 / 충청남도 홍성군
532,386,1,제천RDC,경기도 이천시
KP11568,385,1,계룡RDC,충청북도 청주시 흥덕구
1059,384,1,제천RDC,강원도 춘천시
9994,383,2,칠곡RDC,대구광역시 달서구 / 대구광역시 달성군
KH09174,382,1,평택RDC,경기도 안성시
1624,382,1,계룡RDC,전라북도 고창군
308,379,1,평택RDC,경기도 성남시 수정구
KH11020,378,1,계룡RDC,광주광역시 광산구
8285,372,1,평택RDC,경기도 광명시
KP13297,372,1,평택RDC,경기도 양주시
1045,371,1,제천RDC,충청북도 제천시
KP12534,367,1,평택RDC,인천광역시 미추홀구
947,365,1,계룡RDC,대전광역시 서구
1383,363,3,칠곡RDC,경상남도 거창군 / 경상남도 산청군 / 경상남도 함양군
KP13083,362,1,칠곡RDC,대구광역시 달서구
1415,361,1,칠곡RDC,경상북도 영천시
2302,359,3,계룡RDC,전라남도 목포시 / 전라남도 영암군 / 전라남도 해남군
1595,357,1,칠곡RDC,부산광역시 금정구
7570,357,1,제주RDC,제주특별자치도 제주시
254,355,1,평택RDC,서울특별시 영등포구
KH10956,355,1,평택RDC,충청남도 홍성군
1374,353,1,칠곡RDC,경상남도 진주시
6128,353,1,칠곡RDC,경상북도 포항시 남구
KP13257,353,1,평택RDC,경기도 광주시
1026,353,3,제천RDC,충청북도 단양군 / 충청북도 제천시
KP12184,352,1,제주RDC,제주특별자치도 제주시
KP13203,351,1,계룡RDC,광주광역시 광산구
7583,349,1,제주RDC,제주특별자치도 제주시
KP13441,349,1,칠곡RDC,경상북도 구미시
KP13073,348,1,평택RDC,서울특별시 동대문구
KH07494,347,1,칠곡RDC,경상북도 경산시
7936,345,3,칠곡RDC,경상북도 상주시
345,344,1,평택RDC,경기도 고양시 덕양구
KP13405,344,1,계룡RDC,광주광역시 광산구
891,343,1,계룡RDC,충청남도 보령시
1307,343,1,칠곡RDC,울산광역시 동구
5398,342,4,평택RDC,경기도 광주시 / 경기도 성남시 수정구 / 경기도 성남시 중원구 / 경기도 하남시
KP12809,341,1,계룡RDC,광주광역시 북구
1200,341,4,칠곡RDC,경상남도 밀양시
KH01431,340,1,평택RDC,서울특별시 중랑구
297,339,1,평택RDC,서울특별시 서초구
KP13707,339,1,평택RDC,서울특별시 은평구
KP13077,338,1,평택RDC,경기도 용인시 기흥구
6977,337,1,칠곡RDC,경상북도 경주시
KP11583,335,1,계룡RDC,충청남도 청양군
KP12129,334,1,칠곡RDC,부산광역시 북구
KP13215,329,1,칠곡RDC,부산광역시 해운대구
1012,328,1,제천RDC,강원도 동해시
9310,327,1,칠곡RDC,경상남도 김해시
KP12111,326,1,칠곡RDC,부산광역시 기장군
1327,326,1,칠곡RDC,경상남도 남해군
492,325,1,평택RDC,서울특별시 강서구
KH09604,324,1,평택RDC,경기도 군포시
KP12503,324,1,계룡RDC,충청북도 괴산군
KP12419,324,1,칠곡RDC,경상남도 김해시
529,324,1,제천RDC,경기도 여주시
5007,322,2,평택RDC,서울특별시 동대문구 / 서울특별시 마포구
2276,322,1,제천RDC,경기도 이천시
1588,321,2,칠곡RDC,경상남도 창원시 진해구 / 부산광역시 해운대구
8083,321,8,제천RDC / 칠곡RDC / 평택RDC,강원도 양양군 / 강원도 원주시 / 경기도 가평군 / 경기도 광주시 / 경기도 의왕시 / 경기도 포천시 / 경상북도 경주시
957,321,1,제천RDC,강원도 고성군
KP13849,320,1,칠곡RDC,경상남도 진주시
KP13053,318,1,칠곡RDC,경상북도 구미시
1784,317,1,계룡RDC,전라남도 순천시
KH02075,317,1,칠곡RDC,대구광역시 중구
5949,317,1,평택RDC,서울특별시 강동구
KP13818,316,1,평택RDC,서울특별시 동작구
3078,315,1,칠곡RDC,경상남도 창원시 마산합포구
KH08961,315,1,칠곡RDC,부산광역시 남구
KP12211,314,1,평택RDC,경기도 수원시 장안구
KP12337,312,1,평택RDC,경기도 광주시
KP12086,311,1,칠곡RDC,경상남도 거제시
1834,311,1,계룡RDC,전라북도 군산시
KP13272,307,1,칠곡RDC,부산광역시 사상구
KP11006,307,1,제천RDC,강원도 원주시
3020118,306,1,평택RDC,경기도 구리시
KP13081,305,1,계룡RDC,충청북도 청주시 청원구
51,304,1,평택RDC,경기도 파주시
KP11598,301,1,칠곡RDC,경상북도 포항시 북구
KP12403,300,1,계룡RDC,전라북도 전주시 덕진구
1318,299,1,칠곡RDC,울산광역시 남구
KH06167,299,1,평택RDC,경기도 남양주시
9358,299,1,평택RDC,경기도 김포시
1754,298,1,계룡RDC,전라남도 여수시
KP12054,297,1,계룡RDC,전라북도 정읍시
6360,296,2,제천RDC,경기도 여주시 / 경기도 이천시
KP13200,295,1,칠곡RDC,경상남도 창원시 성산구
KP13079,293,1,평택RDC,경기도 안산시 상록구
8111,291,1,칠곡RDC,경상북도 김천시
KP13137,290,1,계룡RDC,대전광역시 대덕구
9073,290,1,계룡RDC,충청남도 계룡시
10537,289,2,계룡RDC,광주광역시 남구 / 광주광역시 북구
7855,289,2,칠곡RDC,울산광역시 남구
1116,287,1,칠곡RDC,대구광역시 달서구
KP11372,287,1,계룡RDC,전라남도 담양군
KH09590,287,1,제천RDC,강원도 강릉시
7843,286,1,계룡RDC,전라남도 광양시
KH00891,286,1,평택RDC,인천광역시 계양구
KH10521,286,1,평택RDC,경기도 하남시
7243,286,2,평택RDC,강원도 철원군 / 서울특별시 도봉구
888,282,2,평택RDC,충청남도 서산시 / 충청남도 아산시
1190,281,3,칠곡RDC,경상남도 창원시 마산회원구 / 경상남도 통영시
5230,281,1,칠곡RDC,경상북도 구미시
1055,279,1,제천RDC,강원도 원주시
417,278,1,평택RDC,서울특별시 성동구
KP13211,278,1,평택RDC,서울특별시 광진구
KH09924,277,1,평택RDC,서울특별시 서초구
1772,277,1,계룡RDC,전라남도 고흥군
702,277,1,평택RDC,경기도 안산시 단원구
1499,277,1,제주RDC,제주특별자치도 제주시
4680,276,2,평택RDC,경기도 가평군 / 경기도 남양주시
10221,275,2,평택RDC,충청남도 천안시 동남구
KP11577,273,1,평택RDC,경기도 파주시
10071,268,2,평택RDC,경기도 의정부시 / 서울특별시 도봉구
9256,267,1,평택RDC,경기도 화성시
815,267,1,평택RDC,충청남도 천안시 동남구
8932,267,4,칠곡RDC,부산광역시 기장군 / 부산광역시 사상구 / 부산광역시 해운대구
KP12884,266,1,평택RDC,경기도 김포시
436,265,19,계룡RDC / 제주RDC / 제천RDC / 중부RDC / 칠곡RDC / 평택RDC,강원도 강릉시 / 강원도 원주시 / 강원도 춘천시 / 강원도 횡성군 / 경기도 안양시 동안구 / 경기도 용인시 수지구 / 경상남도 진주시 / 경상북도 경주시 / 경상북도 안동시 / 대구광역시 동구 / 부산광역시 강서구 / 서울특별시 성북구 / 서울특별시 용산구 / 울산광역시 북구 / 제주특별자치도 제주시 / 충청남도 홍성군 / 충청북도 청주시 청원구 / 충청북도 청주시 흥덕구 / 충청북도 충주시
KH01294,264,1,칠곡RDC,부산광역시 수영구
KP13260,264,1,칠곡RDC,경상남도 양산시
1038,264,1,제천RDC,충청북도 제천시
442,263,1,평택RDC,서울특별시 동대문구
KP12504,262,1,계룡RDC,대전광역시 서구
KP13018,262,1,칠곡RDC,경상남도 고성군
KP13224,259,1,평택RDC,경기도 시흥시
KP12315,258,1,칠곡RDC,부산광역시 동래구
KP13063,257,1,평택RDC,경기도 파주시
10261,257,1,평택RDC,인천광역시 부평구
KP13076,256,1,평택RDC,인천광역시 부평구
KP12836,256,1,평택RDC,경기도 남양주시
847,256,1,제천RDC,충청북도 충주시
KP12051,256,1,칠곡RDC,부산광역시 금정구
KP13004,256,1,계룡RDC,전라북도 전주시 완산구
KP12832,255,1,제천RDC,강원도 삼척시
861,254,1,계룡RDC,세종특별자치시 세종특별자치시
7911,254,2,평택RDC,충청남도 서산시
KH10747,253,1,평택RDC,충청북도 음성군
2556,252,3,계룡RDC,전라남도 강진군 / 전라남도 영광군 / 전라남도 진도군
6237,252,5,제천RDC,강원도 동해시 / 강원도 원주시
KP11030,252,1,칠곡RDC,경상북도 고령군
9836,251,1,칠곡RDC,경상북도 안동시
10359,251,1,평택RDC,충청남도 천안시 동남구
KP12818,249,1,계룡RDC,대전광역시 유성구
KH02153,246,1,평택RDC,경기도 하남시
KP11802,245,1,칠곡RDC,경상북도 포항시 북구
1210,245,1,칠곡RDC,경상남도 창원시 마산회원구
KH01429,244,1,칠곡RDC,대구광역시 북구
856,244,1,계룡RDC,충청북도 보은군
KP12954,243,1,제주RDC,제주특별자치도 서귀포시
KP11100,242,1,칠곡RDC,경상북도 경산시
KP13221,242,1,계룡RDC,전라남도 순천시
573,240,1,평택RDC,인천광역시 미추홀구
1387,240,1,칠곡RDC,경상남도 합천군
1601,239,2,칠곡RDC,경상남도 양산시 / 부산광역시 부산진구
7561,239,2,평택RDC,경기도 군포시 / 경기도 평택시
KP13249,239,1,평택RDC,충청남도 아산시
KP13084,239,1,칠곡RDC,부산광역시 연제구
7837,238,1,칠곡RDC,부산광역시 북구
4300,238,1,제천RDC,강원도 동해시
KP13852,238,1,칠곡RDC,부산광역시 수영구
KP13108,237,1,계룡RDC,전라남도 함평군
334,237,1,평택RDC,서울특별시 서대문구
KP12696,237,1,칠곡RDC,경상남도 함안군
KH05535,237,1,칠곡RDC,부산광역시 사하구
1884,236,1,계룡RDC,전라남도 강진군
KP13751,236,1,칠곡RDC,경상북도 포항시 남구
KP13420,235,1,칠곡RDC,경상북도 포항시 북구
KP13607,233,1,칠곡RDC,경상남도 김해시
KH09802,232,1,계룡RDC,세종특별자치시 세종특별자치시
KH09777,232,1,평택RDC,경기도 고양시 일산동구
KP12848,231,1,평택RDC,경기도 고양시 일산동구
KH01430,231,1,계룡RDC,대전광역시 중구
862,230,1,계룡RDC,충청북도 증평군
KH09815,229,1,평택RDC,서울특별시 구로구
KH07306,229,1,평택RDC,경기도 평택시
KH09749,226,1,칠곡RDC,경상남도 김해시
1729,226,1,계룡RDC,전라남도 나주시
KP12967,226,1,칠곡RDC,경상남도 양산시
657,225,1,평택RDC,인천광역시 부평구
7586,225,2,평택RDC,충청북도 진천군
401,224,1,평택RDC,서울특별시 성동구
853,224,1,평택RDC,충청북도 음성군
7663,224,2,제천RDC,강원도 춘천시
873,224,1,평택RDC,충청남도 당진시
KP12851,223,1,계룡RDC,충청남도 보령시
KP13220,222,1,평택RDC,경기도 평택시
4836,222,1,제주RDC,제주특별자치도 제주시
1020,222,2,제천RDC,강원도 인제군
KP13643,221,1,평택RDC,경기도 화성시
KH02350,221,1,평택RDC,인천광역시 서구
1775,220,3,계룡RDC,전라남도 광양시
6885,220,1,평택RDC,서울특별시 관악구
KP12163,220,1,평택RDC,경기도 포천시
1471,220,1,제천RDC,경상북도 영주시
416,220,1,평택RDC,서울특별시 용산구
KH09782,219,1,계룡RDC,세종특별자치시 세종특별자치시
KP13074,219,1,평택RDC,경기도 양주시
KH09531,218,1,평택RDC,경기도 화성시
KP12814,217,1,계룡RDC,전라남도 광양시
KP12856,217,1,칠곡RDC,경상북도 경주시
5266,217,11,칠곡RDC,경상북도 경산시 / 경상북도 구미시 / 경상북도 상주시 / 경상북도 안동시 / 경상북도 영천시 / 경상북도 예천군 / 경상북도 칠곡군 / 대구광역시 북구
737,216,2,계룡RDC,충청남도 금산군
KP11671,216,1,칠곡RDC,부산광역시 사상구
KP11933,216,1,계룡RDC,전라북도 전주시 완산구
KP13012,215,1,계룡RDC,충청남도 공주시
KP13299,215,1,칠곡RDC,경상남도 진주시
8116,215,2,칠곡RDC,경상북도 청송군
KP11565,215,1,평택RDC,인천광역시 부평구
9306,215,3,계룡RDC,대전광역시 서구 / 충청남도 논산시
7060,214,2,평택RDC,인천광역시 미추홀구
5361,214,2,평택RDC,경기도 성남시 수정구
KH06932,214,1,제천RDC,경기도 여주시
3767,214,1,칠곡RDC,대구광역시 수성구
1375,213,1,칠곡RDC,경상남도 통영시
KH09587,212,1,칠곡RDC,울산광역시 북구
KP13468,210,1,평택RDC,경기도 고양시 일산동구
KP12405,210,1,평택RDC,경기도 의정부시
KP13179,208,1,계룡RDC,광주광역시 광산구
7642,207,2,평택RDC,경기도 용인시 처인구
9417,205,1,계룡RDC,전라남도 여수시
KP13304,205,1,평택RDC,인천광역시 남동구
437,204,2,평택RDC,서울특별시 노원구 / 서울특별시 동대문구
KH02152,203,1,계룡RDC,광주광역시 광산구
KH09810,202,1,칠곡RDC,대구광역시 동구
8432,202,1,계룡RDC,전라북도 군산시
KP13037,201,1,평택RDC,서울특별시 성북구
7600,201,8,계룡RDC / 제천RDC / 평택RDC,강원도 원주시 / 경기도 고양시 일산서구 / 경기도 광주시 / 대전광역시 대덕구 / 서울특별시 금천구 / 서울특별시 영등포구 / 서울특별시 중랑구
KP13678,201,1,평택RDC,충청남도 아산시
KP12979,200,1,칠곡RDC,경상북도 칠곡군
KP13193,200,1,계룡RDC,광주광역시 남구
9906,199,1,계룡RDC,전라남도 구례군
805,199,1,평택RDC,경기도 평택시
8616,198,1,평택RDC,서울특별시 강서구
KH00927,198,1,평택RDC,경기도 수원시 권선구
859,198,1,계룡RDC,충청북도 음성군
5505,197,4,칠곡RDC,울산광역시 울주군
KP12735,196,1,계룡RDC,전라남도 여수시
KP12705,196,1,평택RDC,경기도 시흥시
KP11391,195,1,칠곡RDC,부산광역시 부산진구
KH09809,194,1,평택RDC,인천광역시 연수구
9603,194,1,제천RDC,경상북도 영주시
KP12499,194,1,평택RDC,경기도 화성시
587,193,1,평택RDC,인천광역시 남동구
KP13362,193,1,제천RDC,경기도 이천시
KP13734,193,1,칠곡RDC,부산광역시 강서구
KP13318,192,1,계룡RDC,전라북도 정읍시
KP11701,192,1,계룡RDC,대전광역시 서구
KP11706,192,1,평택RDC,충청북도 음성군
KH05533,192,1,칠곡RDC,경상남도 양산시
KH02570,192,1,평택RDC,충청남도 예산군
KH09586,191,1,평택RDC,경기도 의정부시
KP12590,191,1,칠곡RDC,경상남도 밀양시
KP13475,191,1,제천RDC,강원도 속초시
5228,190,2,평택RDC,경기도 하남시
580,188,1,평택RDC,인천광역시 부평구
167,188,1,평택RDC,경기도 구리시
KP13082,188,1,계룡RDC,광주광역시 북구
KP13429,188,1,칠곡RDC,대구광역시 동구
582,187,1,평택RDC,인천광역시 미추홀구
KH08715,187,1,칠곡RDC,대구광역시 북구
4347,187,1,평택RDC,충청남도 서산시
KP13473,186,1,칠곡RDC,대구광역시 서구
1378,186,1,칠곡RDC,경상남도 하동군
306,185,2,평택RDC,서울특별시 강남구 / 서울특별시 서초구
3997,185,3,계룡RDC,대전광역시 대덕구 / 충청북도 영동군
KP13646,185,1,제주RDC,제주특별자치도 제주시
KP13078,184,1,평택RDC,경기도 수원시 권선구
6491,183,1,계룡RDC,충청북도 옥천군
1324,181,1,칠곡RDC,경상남도 진주시
KP13144,181,1,제천RDC,경기도 이천시
5488,181,1,제주RDC,제주특별자치도 제주시
KP13777,181,1,계룡RDC,광주광역시 북구
KP13400,180,1,칠곡RDC,부산광역시 수영구
KP13795,180,1,계룡RDC,광주광역시 서구
KP13080,179,1,계룡RDC,대전광역시 서구
2685,179,17,평택RDC,경기도 광명시 / 경기도 광주시 / 경기도 남양주시 / 경기도 안성시 / 경기도 오산시 / 경기도 평택시 / 경기도 화성시 / 충청남도 아산시
777,179,1,계룡RDC,대전광역시 대덕구
KP11661,179,1,계룡RDC,전라북도 전주시 덕진구
KP12069,178,1,평택RDC,경기도 화성시
10307,177,1,평택RDC,경기도 용인시 처인구
KP13124,177,1,평택RDC,강원도 강릉시
KP13730,177,1,계룡RDC,전라북도 전주시 완산구
1808,176,1,계룡RDC,전라북도 군산시
9890,176,1,평택RDC,서울특별시 노원구
KP13452,175,1,평택RDC,충청남도 천안시 서북구
KP13125,175,1,평택RDC,서울특별시 서초구
932,175,2,계룡RDC,충청남도 공주시
KP13114,175,1,칠곡RDC,대구광역시 서구
KP13115,174,1,칠곡RDC,울산광역시 남구
KP11392,174,1,칠곡RDC,부산광역시 기장군
KP12811,173,1,평택RDC,경기도 김포시
KP13316,173,1,평택RDC,경기도 성남시 분당구
KP13779,173,1,평택RDC,경기도 고양시 일산서구
KH08513,172,1,평택RDC,인천광역시 서구
KP12532,172,1,평택RDC,인천광역시 서구
KP13826,172,1,평택RDC,인천광역시 연수구
KP11600,171,1,평택RDC,경기도 수원시 팔달구
KH08713,171,1,칠곡RDC,경상북도 영천시
KH10751,171,1,평택RDC,인천광역시 서구
1273,170,1,칠곡RDC,경상북도 포항시 남구
KH09452,169,1,계룡RDC,전라남도 나주시
5256,169,1,칠곡RDC,경상남도 진주시
1053,169,1,제천RDC,강원도 양구군
KH10837,167,1,칠곡RDC,대구광역시 달성군
KP11404,167,1,칠곡RDC,경상남도 진주시
1309,167,14,칠곡RDC,경상남도 김해시 / 경상남도 진주시 / 경상남도 합천군 / 경상북도 경주시 / 부산광역시 남구 / 부산광역시 수영구 / 울산광역시 동구 / 울산광역시 북구 / 울산광역시 울주군 / 울산광역시 중구
4552,167,1,계룡RDC,전라북도 전주시 덕진구
KP13605,166,1,칠곡RDC,부산광역시 부산진구
993,166,1,제천RDC,강원도 강릉시
4911,166,1,평택RDC,경기도 수원시 장안구
5239,165,1,칠곡RDC,경상남도 창원시 진해구
KP11754,165,1,평택RDC,경기도 부천시 소사구
KP13294,165,1,평택RDC,경기도 평택시
KP13230,165,1,평택RDC,충청남도 천안시 동남구
7878,165,1,칠곡RDC,부산광역시 부산진구
KP13288,165,1,계룡RDC,대전광역시 유성구
KP13275,165,1,계룡RDC,대전광역시 중구
9532,165,1,평택RDC,경기도 남양주시
8135,165,3,평택RDC,경기도 포천시
5136,164,1,계룡RDC,대전광역시 대덕구
KP13120,163,1,칠곡RDC,대구광역시 북구
649,163,1,평택RDC,인천광역시 강화군
KP11331,163,1,칠곡RDC,울산광역시 중구
KP13210,162,1,평택RDC,경기도 파주시
KP12907,161,1,칠곡RDC,경상남도 진주시
6363,161,1,평택RDC,경기도 안성시
KP13606,161,1,계룡RDC,충청남도 논산시
KH01416,160,1,평택RDC,경기도 화성시
3014869,160,1,칠곡RDC,부산광역시 서구
KP13050,160,1,칠곡RDC,부산광역시 해운대구
KH06150,159,1,제천RDC,경상북도 영주시
817,159,1,평택RDC,충청남도 천안시 동남구
868,159,3,제천RDC,충청북도 충주시
250,158,1,평택RDC,서울특별시 금천구
901,158,1,평택RDC,충청남도 홍성군
KP11817,158,1,평택RDC,경기도 하남시
KP11776,158,1,칠곡RDC,경상북도 포항시 북구
KP13675,158,1,칠곡RDC,울산광역시 중구
KP13860,158,1,계룡RDC,충청북도 청주시 흥덕구
KH10104,157,1,칠곡RDC,부산광역시 동구
9771,157,6,계룡RDC / 칠곡RDC,경상남도 진주시 / 경상북도 경산시 / 경상북도 경주시 / 광주광역시 남구 / 부산광역시 금정구
8151,156,1,평택RDC,인천광역시 부평구
1440,156,1,칠곡RDC,경상북도 안동시
KP11999,156,1,계룡RDC,전라북도 전주시 덕진구
KH09981,155,1,칠곡RDC,부산광역시 해운대구
KH02235,155,1,평택RDC,경기도 양평군
KP11363,155,1,평택RDC,경기도 수원시 팔달구
2463,155,2,평택RDC,경기도 하남시 / 인천광역시 계양구
758,155,1,계룡RDC,대전광역시 중구
KH11014,155,1,칠곡RDC,부산광역시 사상구
KP13406,154,1,평택RDC,서울특별시 광진구
900,154,1,평택RDC,충청남도 홍성군
8981,154,1,칠곡RDC,경상남도 밀양시
1011,154,1,제천RDC,강원도 강릉시
KP12771,153,1,평택RDC,인천광역시 계양구
KP12816,152,1,평택RDC,경기도 평택시
KH05534,152,1,칠곡RDC,부산광역시 사하구
3019581,152,1,계룡RDC,전라북도 김제시
KP12871,151,1,계룡RDC,충청북도 청주시 흥덕구
935,151,1,계룡RDC,충청남도 논산시
KP12955,151,1,칠곡RDC,부산광역시 북구
8104,150,1,계룡RDC,전라북도 정읍시
7833,150,1,계룡RDC,전라남도 해남군
KP11439,150,1,칠곡RDC,경상남도 창원시 의창구
KH10071,149,1,평택RDC,경기도 용인시 처인구
KH10623,149,1,칠곡RDC,울산광역시 동구
KP13019,149,1,제천RDC,경기도 여주시
KP11566,149,1,평택RDC,경기도 남양주시
KP12738,148,1,칠곡RDC,경상남도 진주시
KP13625,148,1,칠곡RDC,경상남도 통영시
KP12468,148,1,계룡RDC,충청남도 서천군
1496,148,1,제주RDC,제주특별자치도 서귀포시
KP11659,148,1,제주RDC,제주특별자치도 서귀포시
KH02148,148,1,계룡RDC,충청북도 청주시 청원구
KH09560,148,1,평택RDC,경기도 성남시 수정구
10103,147,1,계룡RDC,전라남도 여수시
6122,147,1,칠곡RDC,경상북도 김천시
KH10959,147,1,평택RDC,충청남도 아산시
1017,146,1,제천RDC,강원도 평창군
9781,146,8,계룡RDC / 제천RDC,충청북도 괴산군 / 충청북도 단양군 / 충청북도 제천시 / 충청북도 진천군 / 충청북도 청주시 흥덕구 / 충청북도 충주시
349,145,1,평택RDC,서울특별시 은평구
KP13267,145,1,평택RDC,충청남도 아산시
KP11525,144,1,평택RDC,경기도 하남시
KH10427,143,1,평택RDC,경기도 김포시
KP11720,143,1,평택RDC,경기도 파주시
KP12351,143,1,칠곡RDC,경상북도 예천군
KP13100,143,2,칠곡RDC,경상북도 칠곡군
3020117,142,1,평택RDC,경기도 남양주시
KP11803,142,1,평택RDC,경기도 화성시
541,142,1,평택RDC,인천광역시 남동구
KP13744,142,1,평택RDC,경기도 용인시 처인구
KP11917,140,1,계룡RDC,전라북도 군산시
KP12904,140,1,칠곡RDC,경상남도 진주시
174,139,1,평택RDC,서울특별시 중랑구
218,139,1,평택RDC,서울특별시 강동구
KP11864,139,1,평택RDC,경기도 남양주시
9598,139,1,제천RDC,경상북도 영주시
9605,138,1,칠곡RDC,경상북도 칠곡군
KP13186,138,1,칠곡RDC,경상남도 통영시
7908,138,1,평택RDC,경기도 고양시 일산서구
KP13006,138,1,평택RDC,경기도 수원시 팔달구
KP12601,138,1,평택RDC,충청남도 천안시 서북구
1061,138,1,제천RDC,강원도 횡성군
KP11703,138,1,제천RDC,충청북도 제천시
10193,137,1,칠곡RDC,부산광역시 북구
6225,136,1,평택RDC,충청남도 아산시
3019945,136,1,평택RDC,경기도 남양주시
KP12714,136,1,평택RDC,충청남도 천안시 동남구
KP13127,136,1,계룡RDC,충청남도 논산시
4476,135,1,칠곡RDC,대구광역시 북구
1267,135,1,칠곡RDC,경상북도 포항시 남구
KP13315,135,1,평택RDC,충청남도 홍성군
KP12773,135,1,계룡RDC,대전광역시 중구
3020466,135,1,평택RDC,서울특별시 강북구
KP13695,135,1,평택RDC,경기도 부천시 소사구
KH01281,135,1,계룡RDC,대전광역시 유성구
KP12043,134,1,제주RDC,제주특별자치도 제주시
4751,134,1,평택RDC,경기도 수원시 팔달구
KP13197,134,1,평택RDC,서울특별시 송파구
6715,133,1,칠곡RDC,경상북도 구미시
4322,131,1,계룡RDC,대전광역시 대덕구
200,131,2,평택RDC,경기도 남양주시
8199,131,2,계룡RDC,전라북도 남원시 / 전라북도 완주군
6457,131,1,평택RDC,경기도 안양시 만안구
KP13761,131,1,평택RDC,경기도 양주시
KP13791,131,1,제천RDC,강원도 삼척시
609,130,1,평택RDC,경기도 화성시
2861,130,1,평택RDC,충청남도 서산시
KH09588,130,1,평택RDC,충청남도 천안시 서북구
KP12577,130,1,계룡RDC,광주광역시 북구
KP11773,129,1,칠곡RDC,대구광역시 동구
KP13760,129,1,칠곡RDC,경상북도 청송군
KH01297,128,1,평택RDC,서울특별시 관악구
KH09786,128,1,칠곡RDC,경상북도 안동시
KP13244,128,1,계룡RDC,광주광역시 광산구
5360,128,1,제천RDC,충청북도 충주시
KP13456,128,1,칠곡RDC,경상남도 양산시
KP13660,128,1,제천RDC,강원도 홍천군
KP13669,128,1,평택RDC,경기도 파주시
KP13434,127,1,평택RDC,경기도 하남시
KH11321,127,1,칠곡RDC,대구광역시 달서구
KP12793,126,1,평택RDC,경기도 의정부시
KH08775,126,1,평택RDC,경기도 시흥시
KP11031,126,1,칠곡RDC,경상북도 문경시
KP11204,125,1,계룡RDC,전라북도 전주시 덕진구
KP11416,125,1,제천RDC,강원도 원주시
1599,124,2,칠곡RDC,부산광역시 기장군
9782,124,2,평택RDC,경기도 포천시
9072,124,1,평택RDC,경기도 양주시
3416,124,1,평택RDC,경기도 파주시
9580,124,2,칠곡RDC,경상남도 창원시 진해구 / 부산광역시 강서구
KP13280,123,1,평택RDC,경기도 안산시 상록구
KP13861,123,1,칠곡RDC,울산광역시 남구
KP13705,123,1,평택RDC,인천광역시 남동구
4909,122,1,제주RDC,제주특별자치도 서귀포시
KP11836,122,1,평택RDC,경기도 평택시
KP12386,122,1,칠곡RDC,경상북도 경주시
3019726,122,1,평택RDC,경기도 남양주시
KP11621,122,1,계룡RDC,충청남도 논산시
KP11252,122,1,칠곡RDC,경상남도 김해시
KP13665,122,1,계룡RDC,대전광역시 유성구
2464,121,1,계룡RDC,전라남도 영암군
785,121,1,평택RDC,경기도 평택시
1130,121,1,칠곡RDC,부산광역시 사하구
KP11656,120,1,평택RDC,경기도 광주시
6416,120,1,평택RDC,강원도 철원군
KP13300,120,1,칠곡RDC,경상남도 김해시
KP13065,120,1,평택RDC,서울특별시 서초구
660,120,1,평택RDC,인천광역시 서구
10289,119,1,칠곡RDC,대구광역시 달성군
KH10022,118,1,계룡RDC,광주광역시 광산구
4701,118,2,평택RDC,경기도 용인시 기흥구
KP11413,118,1,칠곡RDC,울산광역시 북구
KP13657,118,1,평택RDC,경기도 화성시
7679,118,3,평택RDC,경기도 김포시 / 경기도 용인시 처인구 / 인천광역시 강화군
KP13674,118,1,칠곡RDC,경상북도 성주군
KH11123,118,1,평택RDC,경기도 평택시
KP11593,117,1,계룡RDC,전라북도 완주군
KP13284,117,1,평택RDC,경기도 구리시
10142,117,5,칠곡RDC,경상남도 거제시 / 경상남도 사천시 / 경상남도 창원시 마산회원구 / 경상남도 창원시 진해구
KP13172,117,1,칠곡RDC,경상북도 포항시 남구
KP12392,117,1,평택RDC,충청남도 당진시
KP11028,117,1,평택RDC,경기도 안산시 단원구
KP13670,117,1,평택RDC,경기도 안성시
KP12205,116,1,칠곡RDC,경상남도 창녕군
KH09495,116,1,평택RDC,경기도 양평군
KP12734,116,1,계룡RDC,전라북도 전주시 덕진구
KH00548,116,1,계룡RDC,충청남도 청양군
4478,115,3,평택RDC,경기도 수원시 팔달구 / 서울특별시 강서구 / 인천광역시 연수구
KH01222,115,1,평택RDC,경기도 용인시 처인구
KP11515,115,1,계룡RDC,전라남도 여수시
3022065,115,1,평택RDC,경기도 남양주시
10166,115,1,계룡RDC,전라북도 익산시
KP11852,115,1,평택RDC,경기도 안산시 단원구
4732,115,3,칠곡RDC,경상남도 창녕군 / 경상남도 함안군
9941,115,1,평택RDC,인천광역시 중구
KH09511,114,1,평택RDC,경기도 시흥시
KP12957,114,1,계룡RDC,충청남도 논산시
521,114,1,평택RDC,경기도 성남시 중원구
KP13273,114,1,계룡RDC,충청북도 청주시 청원구
2611,114,2,계룡RDC,대전광역시 유성구
3022,113,1,평택RDC,충청남도 천안시 서북구
KP11954,113,1,제천RDC,강원도 원주시
KP13408,113,1,평택RDC,인천광역시 서구
8427,113,1,제천RDC,강원도 동해시
1090,113,2,칠곡RDC,경상북도 고령군 / 대구광역시 달서구
4527,113,1,평택RDC,서울특별시 강남구
KP13828,113,1,평택RDC,경기도 평택시
KP12873,112,1,평택RDC,서울특별시 서초구
KP13306,112,1,계룡RDC,전라북도 전주시 덕진구
KP12922,111,1,칠곡RDC,경상남도 사천시
5158,111,1,제천RDC,충청북도 제천시
8206,111,1,제천RDC,강원도 춘천시
KH10881,110,1,칠곡RDC,경상북도 경산시
3015169,110,1,평택RDC,서울특별시 도봉구
KP11249,110,1,칠곡RDC,대구광역시 달성군
4472,110,3,계룡RDC,대전광역시 유성구 / 충청남도 공주시 / 충청남도 금산군
KP12970,110,1,평택RDC,충청남도 아산시
KP12012,109,1,계룡RDC,전라북도 무주군
KP12896,109,1,칠곡RDC,경상북도 의성군
KP11341,109,1,칠곡RDC,울산광역시 북구
8957,109,1,평택RDC,경기도 양주시
2663,109,1,제천RDC,강원도 태백시
1109,108,1,칠곡RDC,경상북도 구미시
3706,108,1,제천RDC,경기도 이천시
KP12360,108,1,평택RDC,충청남도 당진시
KP13771,108,1,평택RDC,경기도 평택시
KP13363,107,1,계룡RDC,전라남도 나주시
KP11699,107,1,계룡RDC,전라북도 익산시
KP12106,107,1,칠곡RDC,경상북도 경주시
KH10128,107,1,제주RDC,제주특별자치도 제주시
8150,106,1,칠곡RDC,경상남도 김해시
48,106,1,평택RDC,서울특별시 송파구
5991,105,1,계룡RDC,대전광역시 유성구
KP11325,105,1,계룡RDC,전라북도 군산시
KP13286,105,1,평택RDC,충청남도 천안시 동남구
KP11337,105,1,평택RDC,경기도 가평군
5201,104,1,계룡RDC,충청남도 공주시
KH10802,104,1,제주RDC,제주특별자치도 제주시
KP12117,104,1,평택RDC,서울특별시 성북구
KP12993,104,1,평택RDC,경기도 하남시
KH00521,104,1,평택RDC,충청남도 천안시 동남구
8409,104,1,칠곡RDC,대구광역시 남구
KH11017,104,1,평택RDC,충청남도 당진시
KP12959,103,1,칠곡RDC,경상남도 거제시
KP11798,103,1,칠곡RDC,경상남도 진주시
KH08712,103,1,평택RDC,서울특별시 은평구
KP12908,102,1,칠곡RDC,경상남도 진주시
1923,102,1,계룡RDC,충청북도 청주시 청원구
KP13435,102,1,계룡RDC,세종특별자치시 세종특별자치시
KP12035,102,1,계룡RDC,충청남도 서천군
7079,102,1,평택RDC,인천광역시 서구
1112,102,1,칠곡RDC,경상북도 성주군
KH10627,102,1,계룡RDC,광주광역시 북구
KP12801,102,1,칠곡RDC,경상남도 김해시
KH07660,102,1,평택RDC,경기도 수원시 권선구
KP13727,102,1,칠곡RDC,대구광역시 수성구
KH11256,102,1,평택RDC,경기도 광명시
KP12652,101,1,칠곡RDC,경상북도 경산시
KH08535,101,1,평택RDC,충청남도 천안시 서북구
KP13180,101,1,제주RDC,제주특별자치도 서귀포시
KP13123,101,1,평택RDC,인천광역시 계양구
KP12930,101,1,계룡RDC,충청북도 청주시 서원구
KP13461,101,1,평택RDC,경기도 양평군
530,100,1,평택RDC,경기도 광주시
522,100,1,평택RDC,경기도 광주시
KP12039,100,1,제천RDC,경기도 이천시
4626,100,1,계룡RDC,대전광역시 중구
1321,100,2,칠곡RDC,경상남도 진주시
KP12075,100,1,계룡RDC,전라북도 익산시
KP12639,100,3,계룡RDC / 평택RDC,경기도 안양시 만안구 / 경기도 용인시 처인구 / 충청북도 청주시 청원구
KP12527,100,1,평택RDC,서울특별시 노원구
6388,99,1,계룡RDC,전라남도 영암군
KH10080,99,1,평택RDC,경기도 군포시
KP11943,99,1,계룡RDC,충청북도 청주시 흥덕구
KH01223,99,1,평택RDC,경기도 화성시
KP12616,99,1,계룡RDC,광주광역시 광산구
KP12439,99,1,계룡RDC,전라남도 완도군
KP11550,99,1,제천RDC,강원도 속초시
KP12980,99,1,평택RDC,경기도 용인시 처인구
KP13655,99,1,칠곡RDC,울산광역시 남구
KH11116,99,1,평택RDC,충청남도 아산시
KP13762,99,1,평택RDC,경기도 남양주시
KP13658,98,1,계룡RDC,충청남도 공주시
6992,98,1,평택RDC,경기도 평택시
1328,98,4,칠곡RDC,경상남도 거창군 / 경상남도 함양군 / 경상남도 합천군
KH08087,98,1,평택RDC,경기도 성남시 분당구
1488,98,3,제주RDC,제주특별자치도 서귀포시 / 제주특별자치도 제주시
7798,98,3,칠곡RDC,경상북도 포항시 남구 / 대구광역시 달성군
KP11556,97,1,평택RDC,충청남도 홍성군
KP12154,97,1,칠곡RDC,부산광역시 사하구
5285,97,1,계룡RDC,전라북도 전주시 덕진구
KP13106,96,1,제천RDC,충청북도 제천시
3198,96,1,평택RDC,경기도 의왕시
7183,96,1,평택RDC,경기도 안성시
KP12431,96,1,칠곡RDC,경상남도 거제시
7052,96,2,평택RDC,경기도 김포시 / 경기도 오산시
1208,96,1,칠곡RDC,경상남도 창원시 의창구
KP13714,96,1,평택RDC,경기도 화성시
KH09982,95,1,칠곡RDC,부산광역시 사상구
7085,95,2,평택RDC,경기도 수원시 권선구
KH10430,95,1,칠곡RDC,경상남도 양산시
KP13855,95,1,계룡RDC,충청남도 공주시
KP12362,94,1,칠곡RDC,울산광역시 동구
365,94,1,평택RDC,서울특별시 도봉구
KP13666,94,1,칠곡RDC,경상남도 양산시
6853,93,2,평택RDC,경기도 수원시 장안구 / 경기도 화성시
KH09592,93,1,칠곡RDC,부산광역시 수영구
KH09640,93,1,칠곡RDC,대구광역시 달성군
KP11708,93,1,계룡RDC,전라남도 고흥군
KP13412,93,1,계룡RDC,대전광역시 서구
KP12459,92,1,칠곡RDC,경상남도 창원시 마산합포구
KP12858,92,1,평택RDC,인천광역시 중구
KP13647,92,1,칠곡RDC,경상남도 양산시
KH10460,91,1,평택RDC,경기도 평택시
207,91,1,평택RDC,서울특별시 광진구
KP12046,91,1,제천RDC,강원도 춘천시
9874,91,1,평택RDC,경기도 고양시 일산동구
KH10763,91,1,칠곡RDC,경상북도 구미시
KP13853,91,1,칠곡RDC,부산광역시 중구
KP13417,90,1,칠곡RDC,부산광역시 해운대구
KP12777,90,1,제천RDC,강원도 원주시
KP11521,90,1,평택RDC,인천광역시 서구
9418,90,1,칠곡RDC,대구광역시 군위군
4022,90,1,칠곡RDC,경상남도 거제시
KP13425,90,1,평택RDC,인천광역시 남동구
10523,90,1,제천RDC,경기도 이천시
KP13282,89,1,칠곡RDC,부산광역시 해운대구
10096,89,2,평택RDC,경기도 고양시 덕양구 / 경기도 김포시
KP12365,89,1,칠곡RDC,경상남도 양산시
KH09310,89,1,평택RDC,경기도 시흥시
KP11365,89,1,칠곡RDC,울산광역시 남구
6756,88,1,평택RDC,충청남도 태안군
KP12613,88,1,칠곡RDC,부산광역시 동래구
8837,88,1,평택RDC,경기도 고양시 일산동구
9637,88,1,평택RDC,경기도 화성시
10282,88,1,계룡RDC,충청북도 청주시 흥덕구
KH10019,88,1,계룡RDC,전라남도 해남군
9279,87,1,칠곡RDC,경상남도 창원시 성산구
1532,87,1,칠곡RDC,부산광역시 북구
1768,87,1,계룡RDC,전라남도 순천시
KP12824,87,1,계룡RDC,충청남도 부여군
KP12135,87,1,계룡RDC,전라남도 무안군
KP13437,87,1,칠곡RDC,경상북도 문경시
6799,87,1,칠곡RDC,경상북도 안동시
7664,87,2,제주RDC,제주특별자치도 제주시
5842,87,1,계룡RDC,대전광역시 서구
KP13010,86,1,칠곡RDC,경상남도 진주시
989,86,1,제천RDC,강원도 속초시
KP12566,86,1,칠곡RDC,경상북도 경주시
KH10383,85,1,평택RDC,경기도 용인시 처인구
3019967,85,1,칠곡RDC,경상북도 의성군
1478,85,1,칠곡RDC,경상북도 청송군
KP11564,85,1,평택RDC,경기도 수원시 권선구
10113,85,9,계룡RDC / 제주RDC / 칠곡RDC / 평택RDC,경기도 의왕시 / 경상남도 양산시 / 경상북도 포항시 남구 / 부산광역시 강서구 / 서울특별시 강서구 / 전라남도 광양시 / 제주특별자치도 제주시 / 충청북도 청주시 청원구
KP13075,85,1,평택RDC,경기도 고양시 일산서구
KP12404,85,1,제천RDC,경기도 여주시
258,84,1,평택RDC,서울특별시 영등포구
KH05341,84,1,칠곡RDC,부산광역시 부산진구
7899,84,1,계룡RDC,전라남도 순천시
KH07280,84,1,평택RDC,경기도 남양주시
KP11074,84,1,평택RDC,경기도 안성시
KP13112,84,1,평택RDC,경기도 포천시
KP12340,84,1,계룡RDC,광주광역시 광산구
2825,83,2,평택RDC,경기도 수원시 장안구 / 경기도 시흥시
KH09219,83,1,계룡RDC,대전광역시 동구
KP13056,83,1,칠곡RDC,부산광역시 부산진구
10415,83,1,평택RDC,경기도 화성시
1490,83,1,제주RDC,제주특별자치도 제주시
KH10132,83,1,계룡RDC,충청북도 청주시 서원구
10156,83,2,계룡RDC,전라북도 익산시 / 충청남도 논산시
1097,83,3,칠곡RDC,대구광역시 남구 / 대구광역시 동구 / 대구광역시 수성구
KP13631,83,1,계룡RDC,전라북도 익산시
KP13781,83,1,계룡RDC,전라남도 여수시
KP13064,82,1,제천RDC,경기도 여주시
KP12151,82,1,칠곡RDC,부산광역시 남구
KP11620,82,1,제천RDC,강원도 홍천군
KP13088,81,1,칠곡RDC,대구광역시 달성군
KP12837,81,1,평택RDC,경기도 하남시
10552,81,1,칠곡RDC,경상남도 거제시
3760,81,1,평택RDC,경기도 의정부시
505,81,1,제천RDC,경기도 이천시
10164,81,1,제천RDC,경기도 이천시
KH05567,81,1,평택RDC,경기도 화성시
8380,81,1,평택RDC,경기도 평택시
KP11360,81,1,계룡RDC,대전광역시 서구
KP13831,81,1,칠곡RDC,대구광역시 북구
KP13794,81,1,평택RDC,경기도 화성시
KP13750,81,1,제천RDC,충청북도 제천시
KP13686,81,1,평택RDC,경기도 용인시 처인구
1677,80,1,계룡RDC,전라북도 전주시 덕진구
1670,80,1,계룡RDC,전라북도 진안군
1350,80,1,칠곡RDC,경상남도 진주시
1835,80,1,계룡RDC,전라북도 김제시
KP13121,80,1,평택RDC,경기도 평택시
KP11035,80,1,칠곡RDC,부산광역시 강서구
KH11003,80,1,제천RDC,강원도 원주시
462,79,1,평택RDC,서울특별시 양천구
KH08714,79,1,칠곡RDC,대구광역시 북구
9883,79,1,평택RDC,경기도 안산시 상록구
KP12578,79,1,계룡RDC,광주광역시 북구
KP11842,79,1,칠곡RDC,경상북도 영천시
KP11837,79,1,칠곡RDC,경상북도 포항시 남구
976,79,2,제천RDC,강원도 동해시
KP11584,79,1,계룡RDC,전라남도 장성군
KP12361,79,1,제천RDC,강원도 홍천군
KH10378,78,1,평택RDC,경기도 평택시
10277,78,1,계룡RDC,충청남도 공주시
9932,78,1,평택RDC,서울특별시 관악구
KP12207,78,1,평택RDC,충청남도 서산시
KP13859,78,1,칠곡RDC,부산광역시 기장군
KH08540,77,1,칠곡RDC,부산광역시 해운대구
KP11697,77,1,칠곡RDC,경상북도 안동시
KH10947,77,1,평택RDC,경기도 하남시
KP11005,77,1,칠곡RDC,울산광역시 북구
971,77,1,제천RDC,강원도 평창군
KP12603,77,1,칠곡RDC,경상북도 포항시 남구
627,77,1,평택RDC,경기도 오산시
6637,77,2,계룡RDC,전라남도 보성군 / 전라남도 순천시
KP12715,77,1,평택RDC,경기도 포천시
KH11204,77,1,평택RDC,경기도 고양시 일산서구
KP13819,77,1,계룡RDC,충청북도 청주시 서원구
KP11834,77,1,평택RDC,서울특별시 도봉구
KP11183,76,1,칠곡RDC,경상남도 함안군
KH02109,76,1,칠곡RDC,대구광역시 달서구
571,76,1,평택RDC,인천광역시 미추홀구
KP12849,76,1,평택RDC,경기도 광주시
8304,76,2,계룡RDC,광주광역시 광산구 / 전라북도 김제시
10109,76,1,칠곡RDC,경상북도 김천시
6859,76,1,평택RDC,인천광역시 서구
KH02238,76,1,평택RDC,경기도 남양주시
KP12068,76,1,계룡RDC,전라남도 진도군
KP13797,76,1,칠곡RDC,경상북도 경산시
KP13830,76,1,제주RDC,제주특별자치도 제주시
KH11133,76,1,칠곡RDC,대구광역시 달성군
9992,75,1,칠곡RDC,경상남도 거제시
KH10962,75,1,평택RDC,경기도 용인시 기흥구
1424,75,1,칠곡RDC,대구광역시 군위군
KP11932,75,1,평택RDC,경기도 화성시
KP11361,75,1,계룡RDC,충청북도 청주시 서원구
6641,75,1,제천RDC,강원도 정선군
KP12564,75,1,계룡RDC,대전광역시 유성구
KH11024,75,1,평택RDC,충청남도 아산시
KP12608,74,1,칠곡RDC,경상남도 함안군
KP11324,74,1,칠곡RDC,경상남도 창원시 진해구
KH02476,74,1,칠곡RDC,경상남도 창원시 진해구
2666,74,1,제천RDC,충청북도 충주시
KP13111,74,1,평택RDC,경기도 김포시
KP13467,74,1,평택RDC,경기도 평택시
KP13702,74,1,평택RDC,경기도 부천시 소사구
KP13822,74,1,계룡RDC,전라북도 부안군
KH11307,74,1,평택RDC,경기도 안성시
KP11343,73,1,칠곡RDC,경상남도 창원시 성산구
KP12867,73,1,평택RDC,서울특별시 관악구
KP12479,73,1,계룡RDC,충청남도 보령시
KP13021,73,1,평택RDC,경기도 용인시 처인구
KP13170,73,1,칠곡RDC,경상남도 양산시
KP12109,73,1,제천RDC,강원도 영월군
6228,73,1,칠곡RDC,경상북도 상주시
KP12664,73,1,칠곡RDC,경상북도 구미시
KP13847,73,1,평택RDC,인천광역시 남동구
10199,72,2,계룡RDC / 평택RDC,세종특별자치시 세종특별자치시 / 충청북도 음성군
KP13309,72,1,평택RDC,경기도 하남시
3945,72,1,계룡RDC,대전광역시 유성구
6726,72,2,계룡RDC,충청남도 논산시
1485,72,1,제주RDC,제주특별자치도 제주시
KP13324,72,1,평택RDC,경기도 광주시
10021,72,1,평택RDC,경기도 용인시 처인구
KP12042,72,1,평택RDC,경기도 포천시
KP13716,72,1,평택RDC,경기도 평택시
KH10401,71,1,칠곡RDC,경상북도 경산시
3019236,71,1,평택RDC,경기도 포천시
KP12781,71,1,평택RDC,서울특별시 양천구
9547,71,1,평택RDC,경기도 고양시 일산서구
381,71,1,평택RDC,서울특별시 성북구
8447,71,1,칠곡RDC,경상남도 창원시 마산회원구
KP13642,71,1,계룡RDC,전라북도 장수군
KP13709,71,1,칠곡RDC,경상북도 문경시
KP13798,71,1,계룡RDC,전라남도 완도군
4371,70,1,계룡RDC,충청남도 청양군
7317,70,1,제천RDC,강원도 강릉시
1467,70,1,제천RDC,경상북도 봉화군
KP12989,70,1,평택RDC,경기도 오산시
3273,70,1,계룡RDC,전라북도 고창군
7270,70,1,평택RDC,충청남도 천안시 서북구
KH06925,70,1,평택RDC,경기도 의왕시
KP13724,70,1,칠곡RDC,경상북도 칠곡군
KP13213,69,1,평택RDC,경기도 김포시
10512,69,1,평택RDC,경기도 안성시
KP11597,69,1,계룡RDC,전라남도 나주시
KP12124,69,1,평택RDC,경기도 포천시
KP12435,69,1,평택RDC,경기도 시흥시
7436,69,1,평택RDC,경기도 김포시
KP12794,69,1,칠곡RDC,경상남도 진주시
KP12313,69,1,평택RDC,인천광역시 서구
KP12442,69,1,평택RDC,경기도 평택시
KP11632,68,1,평택RDC,경기도 파주시
9208,68,1,계룡RDC,대전광역시 유성구
KP11357,68,1,평택RDC,경기도 시흥시
KP13684,68,1,제천RDC,강원도 원주시
KP13824,68,1,칠곡RDC,부산광역시 사상구
KP13832,68,1,평택RDC,경기도 시흥시
6103,67,1,칠곡RDC,경상북도 구미시
KP12854,67,1,칠곡RDC,경상남도 양산시
6874,67,1,칠곡RDC,경상남도 양산시
10481,67,1,칠곡RDC,부산광역시 연제구
KH09456,67,1,칠곡RDC,경상북도 포항시 북구
10024,67,1,칠곡RDC,경상남도 창원시 마산회원구
KP11038,67,1,계룡RDC,충청남도 논산시
KP13634,67,1,제천RDC,강원도 동해시
KP13704,67,1,계룡RDC,전라북도 전주시 완산구
929,65,1,계룡RDC,대전광역시 중구
8921,65,1,계룡RDC,대전광역시 대덕구
3844,65,1,평택RDC,경기도 부천시 오정구
1736,64,1,계룡RDC,전라남도 나주시
9305,64,1,평택RDC,인천광역시 미추홀구
KP12759,64,1,칠곡RDC,대구광역시 수성구
1092,64,1,칠곡RDC,경상북도 구미시
KP12353,64,1,평택RDC,인천광역시 미추홀구
1462,64,1,제천RDC,경상북도 봉화군
10588,64,2,계룡RDC,광주광역시 광산구
4403,64,2,평택RDC,충청남도 천안시 동남구
4788,63,1,제주RDC,제주특별자치도 서귀포시
KH10750,63,1,평택RDC,경기도 김포시
2681,63,1,칠곡RDC,경상남도 진주시
KP12414,63,1,제천RDC,강원도 홍천군
KP13049,63,1,평택RDC,경기도 평택시
KH11182,63,1,칠곡RDC,경상북도 영천시
447,62,1,평택RDC,서울특별시 마포구
KH09977,62,1,평택RDC,경기도 하남시
4876,62,1,칠곡RDC,울산광역시 북구
4691,62,1,평택RDC,충청남도 태안군
4305,62,1,계룡RDC,충청남도 논산시
KP13266,62,1,평택RDC,강원도 원주시
KP13664,62,1,제천RDC,강원도 춘천시
KH11067,62,1,제천RDC,경기도 이천시
KH10108,61,1,칠곡RDC,경상남도 창원시 성산구
KP13296,61,1,칠곡RDC,경상북도 경산시
KP12369,61,1,평택RDC,경기도 화성시
KP12432,61,1,평택RDC,경기도 화성시
6494,61,1,평택RDC,충청남도 천안시 동남구
5267,61,1,계룡RDC,전라남도 여수시
10306,61,1,제천RDC,강원도 영월군
KP12680,61,1,계룡RDC,광주광역시 서구
KP11238,60,1,계룡RDC,전라남도 목포시
835,60,1,평택RDC,충청북도 진천군
8156,60,1,계룡RDC,충청남도 서천군
1657,60,1,계룡RDC,전라북도 장수군
KP12997,60,1,평택RDC,경기도 수원시 권선구
KP11318,60,1,칠곡RDC,부산광역시 강서구
6123,60,1,평택RDC,경기도 광주시
KP12866,60,1,칠곡RDC,경상북도 경산시
KP12048,59,1,계룡RDC,전라남도 목포시
KP13016,59,1,칠곡RDC,경상북도 김천시
KH10977,59,1,평택RDC,경기도 화성시
7958,59,2,계룡RDC,전라북도 군산시 / 전라북도 완주군
KP11997,59,1,평택RDC,경기도 화성시
10110,59,1,칠곡RDC,경상북도 안동시
8378,59,1,평택RDC,경기도 양평군
KP12138,59,1,평택RDC,경기도 남양주시
10105,59,1,평택RDC,경기도 안산시 단원구
KH10040,59,1,계룡RDC,전라북도 익산시
7816,59,1,평택RDC,경기도 성남시 중원구
1694,59,1,계룡RDC,광주광역시 광산구
2550,58,1,계룡RDC,충청북도 괴산군
9671,58,1,칠곡RDC,경상북도 영천시
KP13043,58,1,칠곡RDC,경상남도 양산시
4338,58,1,계룡RDC,충청남도 부여군
9369,58,2,제천RDC / 평택RDC,경기도 용인시 처인구 / 경기도 이천시
7102,58,1,평택RDC,서울특별시 성동구
KH09455,58,1,칠곡RDC,대구광역시 북구
7778,58,1,평택RDC,경기도 광주시
KP11051,58,1,평택RDC,경기도 오산시
KP12609,58,1,평택RDC,경기도 양주시
KH09601,57,1,칠곡RDC,부산광역시 기장군
10624,57,1,칠곡RDC,경상남도 통영시
3722,57,1,평택RDC,인천광역시 미추홀구
6562,57,2,제천RDC,충청북도 충주시
7894,57,1,평택RDC,경기도 평택시
10023,57,1,제주RDC,제주특별자치도 제주시
KP12702,57,1,평택RDC,경기도 고양시 일산동구
KP12394,57,1,제천RDC,강원도 춘천시
9873,57,1,칠곡RDC,대구광역시 달서구
KP11680,57,1,제천RDC,강원도 삼척시
8159,57,1,칠곡RDC,경상북도 상주시
KH00543,57,1,칠곡RDC,경상북도 예천군
10145,57,1,칠곡RDC,경상남도 창원시 의창구
KH11231,57,1,칠곡RDC,대구광역시 북구
KP13444,56,1,계룡RDC,충청남도 공주시
KH10439,56,1,계룡RDC,세종특별자치시 세종특별자치시
1113,56,1,칠곡RDC,대구광역시 달성군
7441,56,2,제주RDC / 칠곡RDC,경상북도 경산시 / 제주특별자치도 제주시
1570,56,1,칠곡RDC,부산광역시 해운대구
1892,56,2,계룡RDC,전라남도 장흥군
KP12156,56,1,칠곡RDC,경상남도 김해시
KP11446,56,1,칠곡RDC,경상남도 진주시
KH10510,56,1,칠곡RDC,경상북도 경주시
KP12529,56,1,제천RDC,강원도 강릉시
674,56,1,평택RDC,인천광역시 계양구
9674,56,1,평택RDC,충청남도 서산시
KH11135,56,1,평택RDC,인천광역시 미추홀구
KP13820,56,1,계룡RDC,전라북도 전주시 덕진구
KP13045,55,1,칠곡RDC,대구광역시 달서구
KH04017,55,1,칠곡RDC,울산광역시 중구
6171,55,2,평택RDC,인천광역시 중구
7176,55,1,칠곡RDC,경상남도 통영시
KP11544,55,1,계룡RDC,광주광역시 북구
KP11001,55,1,칠곡RDC,경상남도 김해시
559,55,1,평택RDC,인천광역시 중구
KH10966,55,1,계룡RDC,전라북도 익산시
KP13805,55,1,평택RDC,경기도 고양시 덕양구
6261,54,1,칠곡RDC,경상남도 거창군
KH07667,54,1,칠곡RDC,부산광역시 기장군
KP12844,54,1,평택RDC,경기도 김포시
786,54,1,평택RDC,충청남도 아산시
KH10561,54,1,계룡RDC,충청북도 청주시 서원구
2895,53,1,평택RDC,강원도 철원군
KH10706,53,1,평택RDC,경기도 화성시
KF01371,53,1,중부RDC,대전광역시 대덕구
765,53,1,계룡RDC,대전광역시 대덕구
7069,53,1,제천RDC,강원도 영월군
7756,53,2,평택RDC,충청남도 당진시 / 충청남도 태안군
KH11081,53,1,평택RDC,경기도 화성시
KP13816,53,1,평택RDC,경기도 시흥시
9551,52,2,평택RDC,경기도 용인시 처인구 / 경기도 화성시
KP13020,52,1,제천RDC,강원도 속초시
KH08531,52,1,계룡RDC,충청북도 괴산군
KP11655,52,1,평택RDC,경기도 시흥시
KP11825,52,1,계룡RDC,대전광역시 유성구
260,52,2,평택RDC,경기도 용인시 처인구 / 서울특별시 영등포구
KH10844,51,1,평택RDC,인천광역시 연수구
9819,51,1,칠곡RDC,경상북도 구미시
KH10310,51,1,평택RDC,경기도 용인시 처인구
3578,51,1,칠곡RDC,경상남도 합천군
1476,51,2,칠곡RDC,경상북도 경주시 / 경상북도 문경시
KP13619,51,1,평택RDC,서울특별시 양천구
KP12375,51,1,제천RDC,충청북도 충주시
KP11399,51,1,칠곡RDC,경상북도 칠곡군
KH10465,50,1,평택RDC,경기도 하남시
KP13085,50,1,평택RDC,충청남도 아산시
KH10524,50,1,칠곡RDC,부산광역시 강서구
KH02202,50,1,평택RDC,경기도 양주시
KH07654,50,1,평택RDC,경기도 화성시
6610,50,1,평택RDC,경기도 용인시 처인구
5547,50,1,칠곡RDC,경상북도 상주시
KH11175,50,1,평택RDC,경기도 김포시
KP13023,49,1,계룡RDC,충청남도 보령시
8256,49,1,평택RDC,경기도 화성시
KP12677,49,1,평택RDC,경기도 안산시 상록구
3015787,49,1,평택RDC,경기도 파주시
KP12382,49,1,평택RDC,경기도 오산시
832,48,1,계룡RDC,세종특별자치시 세종특별자치시
KP11033,48,1,칠곡RDC,울산광역시 중구
10241,48,1,평택RDC,경기도 안양시 만안구
KH10765,48,1,칠곡RDC,경상북도 구미시
9730,48,1,계룡RDC,대전광역시 대덕구
10637,48,1,평택RDC,충청남도 홍성군
1524,48,1,칠곡RDC,부산광역시 사상구
6716,48,1,평택RDC,경기도 안성시
1417,47,1,칠곡RDC,경상북도 경산시
1771,47,1,계룡RDC,전라남도 순천시
KP12623,47,1,평택RDC,인천광역시 부평구
4973,47,1,칠곡RDC,경상남도 하동군
KP13055,47,1,평택RDC,충청남도 천안시 서북구
3859,47,1,평택RDC,경기도 양주시
KH07656,47,1,칠곡RDC,경상남도 김해시
7840,47,1,평택RDC,경기도 안성시
KP11462,47,1,제천RDC,강원도 춘천시
9166,47,1,평택RDC,경기도 양주시
KH11082,47,1,평택RDC,경기도 안양시 동안구
KP13719,47,1,평택RDC,경기도 고양시 덕양구
KP13815,47,1,평택RDC,경기도 남양주시
KH09616,46,1,칠곡RDC,경상남도 김해시
2465,46,1,제주RDC,제주특별자치도 제주시
6761,46,1,계룡RDC,충청남도 보령시
4613,46,1,칠곡RDC,부산광역시 연제구
4866,46,1,칠곡RDC,대구광역시 달서구
4461,46,2,칠곡RDC,경상북도 울진군
3904,46,1,평택RDC,경기도 고양시 덕양구
7853,46,1,계룡RDC,충청북도 청주시 흥덕구
KP13721,46,1,평택RDC,충청남도 천안시 서북구
KP13763,46,1,평택RDC,경기도 시흥시
KP13701,46,1,평택RDC,서울특별시 종로구
642,45,1,평택RDC,경기도 수원시 권선구
3017834,45,1,계룡RDC,전라북도 익산시
1944,45,1,계룡RDC,광주광역시 북구
KH02159,45,1,평택RDC,충청남도 천안시 서북구
KP13650,45,1,계룡RDC,전라북도 남원시
KP11782,45,1,평택RDC,충청남도 서산시
KP12557,45,1,칠곡RDC,경상남도 함안군
1492,45,1,제주RDC,제주특별자치도 제주시
KP11926,45,1,제천RDC,충청북도 충주시
KP11061,45,1,계룡RDC,전라북도 정읍시
KP11247,45,1,계룡RDC,전라북도 익산시
KH11047,45,1,평택RDC,경기도 용인시 처인구
KP13799,45,1,계룡RDC,전라남도 목포시
KH11248,45,1,계룡RDC,광주광역시 남구
KP11290,44,1,칠곡RDC,부산광역시 기장군
KH10809,44,1,평택RDC,경기도 안양시 동안구
1165,44,1,칠곡RDC,부산광역시 영도구
5322,44,1,칠곡RDC,부산광역시 금정구
KP13062,44,1,칠곡RDC,경상북도 칠곡군
KH10917,44,1,평택RDC,경기도 하남시
8994,44,1,제천RDC,강원도 동해시
KP13268,44,1,평택RDC,충청남도 아산시
KH09997,44,1,평택RDC,충청남도 천안시 서북구
KP13693,44,1,평택RDC,경기도 수원시 권선구
KP13690,44,1,평택RDC,경기도 부천시 원미구
KP13811,44,1,평택RDC,충청남도 아산시
7196,43,1,계룡RDC,세종특별자치시 세종특별자치시
KP13269,43,1,평택RDC,경기도 광주시
6182,43,1,계룡RDC,광주광역시 광산구
KP12347,43,1,평택RDC,충청남도 당진시
KP13292,43,1,칠곡RDC,경상남도 진주시
9853,43,1,계룡RDC,전라북도 완주군
KP13428,43,1,평택RDC,경기도 부천시 원미구
KP11682,43,1,평택RDC,경기도 평택시
4458,43,1,계룡RDC,전라남도 목포시
KP11950,43,1,계룡RDC,전라북도 익산시
3842,43,1,계룡RDC,광주광역시 광산구
KP11596,43,1,계룡RDC,전라북도 전주시 덕진구
7789,43,1,계룡RDC,충청남도 논산시
8131,43,1,평택RDC,충청남도 서산시
10137,43,1,계룡RDC,전라남도 나주시
KH10905,43,1,평택RDC,서울특별시 서초구
KP13758,43,1,제천RDC,경기도 이천시
KP11678,42,1,평택RDC,경기도 파주시
1280,42,1,칠곡RDC,경상북도 영덕군
KP12965,42,1,평택RDC,경기도 용인시 기흥구
KH10049,42,1,계룡RDC,전라남도 화순군
KP13140,42,1,계룡RDC,전라북도 익산시
4093,42,2,평택RDC,서울특별시 성동구 / 서울특별시 종로구
9533,42,1,계룡RDC,전라남도 광양시
1542,42,2,칠곡RDC,부산광역시 사상구
1514,42,1,칠곡RDC,경상남도 김해시
9669,42,1,평택RDC,경기도 안산시 단원구
KP12562,42,1,평택RDC,인천광역시 연수구
KP11588,42,1,칠곡RDC,경상남도 창원시 성산구
7737,42,1,평택RDC,충청북도 음성군
KP12082,42,1,평택RDC,충청남도 천안시 서북구
KP13673,42,1,계룡RDC,전라북도 장수군
KH11265,42,1,칠곡RDC,대구광역시 북구
KH11200,42,1,칠곡RDC,경상남도 창원시 진해구
KP13046,41,1,평택RDC,경기도 가평군
3017150,41,1,계룡RDC,전라북도 익산시
1803,41,1,계룡RDC,전라북도 군산시
KP12984,41,1,평택RDC,충청북도 음성군
KP13355,41,1,제천RDC,강원도 속초시
3876,41,3,계룡RDC,전라남도 순천시 / 전라남도 여수시
KP13624,41,1,평택RDC,경기도 남양주시
7979,41,1,평택RDC,경기도 화성시
5040,41,1,제천RDC,경상북도 영주시
3692,41,1,계룡RDC,광주광역시 광산구
KP13679,41,1,평택RDC,인천광역시 미추홀구
KP13025,40,1,계룡RDC,전라남도 목포시
8109,40,1,제주RDC,제주특별자치도 서귀포시
KP12952,40,1,평택RDC,경기도 용인시 기흥구
4600,40,1,계룡RDC,전라남도 보성군
6011,40,1,평택RDC,충청남도 당진시
KH08556,40,1,평택RDC,경기도 용인시 기흥구
1927,40,1,칠곡RDC,경상남도 창원시 의창구
KH10805,40,1,평택RDC,경기도 평택시
KP12695,40,1,칠곡RDC,경상북도 경산시
KP13748,40,1,칠곡RDC,경상남도 진주시
KH11065,40,1,평택RDC,경기도 화성시
3386,39,1,칠곡RDC,경상남도 김해시
4534,39,1,칠곡RDC,울산광역시 남구
584,39,1,평택RDC,인천광역시 남동구
KP11870,39,1,평택RDC,경기도 용인시 처인구
5306,39,2,제주RDC,제주특별자치도 서귀포시 / 제주특별자치도 제주시
10616,39,1,칠곡RDC,경상북도 성주군
KP12417,39,1,칠곡RDC,경상북도 청도군
KH10983,39,1,계룡RDC,광주광역시 광산구
616,38,1,평택RDC,경기도 수원시 장안구
KH10685,38,1,칠곡RDC,경상남도 사천시
KP12733,38,1,계룡RDC,전라북도 남원시
5951,38,1,평택RDC,경기도 안산시 상록구
10053,38,1,칠곡RDC,경상남도 김해시
3017245,38,1,평택RDC,경기도 파주시
KP12960,38,1,계룡RDC,전라북도 임실군
KH09497,38,1,평택RDC,경기도 양주시
KH10954,38,1,평택RDC,경기도 김포시
4368,38,1,칠곡RDC,부산광역시 동래구
8336,38,1,평택RDC,경기도 광명시
10636,38,1,평택RDC,충청남도 천안시 동남구
9022,38,1,평택RDC,인천광역시 연수구
KH11054,38,1,평택RDC,경기도 시흥시
8942,37,1,계룡RDC,전라남도 해남군
KP13094,37,1,평택RDC,서울특별시 동작구
KP11464,37,1,제천RDC,강원도 정선군
KP13110,37,1,제천RDC,강원도 강릉시
9707,37,1,칠곡RDC,경상남도 양산시
4364,37,1,칠곡RDC,경상남도 함안군
7723,37,1,평택RDC,경기도 용인시 처인구
6357,37,1,평택RDC,경기도 수원시 권선구
KH00926,37,1,평택RDC,서울특별시 서초구
KH07995,37,1,칠곡RDC,경상남도 거제시
1351,37,1,칠곡RDC,경상남도 진주시
KP12390,37,1,제주RDC,제주특별자치도 제주시
4883,37,1,평택RDC,경기도 남양주시
KP13683,37,1,계룡RDC,전라북도 전주시 덕진구
KH11042,37,1,평택RDC,충청남도 아산시
10427,36,1,평택RDC,경기도 남양주시
5520,36,1,평택RDC,경기도 광명시
KP13196,36,1,평택RDC,경기도 광주시
KH10403,36,1,칠곡RDC,부산광역시 금정구
5513,36,1,칠곡RDC,부산광역시 사하구
KP11053,36,1,칠곡RDC,경상남도 거창군
KP12830,36,1,제천RDC,충청북도 충주시
1828,36,1,계룡RDC,전라북도 군산시
KP13136,36,1,제천RDC,경기도 이천시
KP12685,36,1,칠곡RDC,경상남도 고성군
KP12491,36,1,평택RDC,경기도 하남시
KP13713,36,1,평택RDC,경기도 화성시
KP11326,35,1,평택RDC,경기도 성남시 중원구
KP12030,35,1,칠곡RDC,경상남도 창녕군
KH02295,35,1,계룡RDC,전라남도 영암군
KP13141,35,1,칠곡RDC,부산광역시 금정구
6696,35,1,계룡RDC,전라북도 순창군
7590,35,3,칠곡RDC,경상북도 고령군 / 대구광역시 달서구 / 대구광역시 북구
8292,35,1,평택RDC,경기도 용인시 처인구
9493,35,1,평택RDC,충청남도 천안시 서북구
10628,35,1,칠곡RDC,경상남도 김해시
KH08519,35,1,칠곡RDC,경상남도 진주시
KP12842,35,1,계룡RDC,충청북도 청주시 흥덕구
7096,35,1,계룡RDC,전라남도 보성군
1010,35,1,제천RDC,강원도 태백시
KP11308,35,1,칠곡RDC,경상북도 포항시 남구
KP11627,35,1,평택RDC,경기도 양주시
1836,35,1,계룡RDC,충청남도 서천군
1048,35,1,제천RDC,충청북도 제천시
KP12053,35,1,계룡RDC,전라북도 정읍시
KH11189,35,1,평택RDC,경기도 하남시
KP13856,35,1,제주RDC,제주특별자치도 서귀포시
KP12741,34,1,계룡RDC,세종특별자치시 세종특별자치시
KP13229,34,1,평택RDC,경기도 용인시 기흥구
KH02180,34,1,평택RDC,경기도 용인시 기흥구
KH08003,34,1,평택RDC,경기도 오산시
KP11992,34,1,평택RDC,인천광역시 계양구
7787,34,1,계룡RDC,충청남도 부여군
9675,34,2,평택RDC,경기도 광주시
KP12157,34,1,칠곡RDC,경상남도 창녕군
KH02344,34,1,계룡RDC,세종특별자치시 세종특별자치시
8431,34,1,제천RDC,강원도 삼척시
KP13786,34,1,평택RDC,경기도 안산시 단원구
KP13736,34,1,계룡RDC,전라북도 전주시 완산구
KP13825,34,1,칠곡RDC,부산광역시 남구
KP13800,34,1,계룡RDC,전라남도 해남군
KP13792,34,1,제천RDC,경상북도 영주시
KP13700,34,1,제천RDC,충청북도 음성군
1915,33,1,제주RDC,제주특별자치도 제주시
10456,33,1,칠곡RDC,경상남도 김해시
2577,33,1,평택RDC,경기도 고양시 덕양구
KP13638,33,1,제천RDC,강원도 정선군
KP12986,33,1,제천RDC,강원도 원주시
KP13174,33,1,평택RDC,경기도 평택시
KP11514,33,1,제천RDC,경상북도 영주시
8617,33,1,칠곡RDC,경상북도 포항시 남구
5289,33,1,평택RDC,경기도 용인시 수지구
KP13672,33,1,평택RDC,경기도 포천시
KP13728,33,1,평택RDC,경기도 수원시 권선구
KP13844,33,1,계룡RDC,광주광역시 서구
KP12823,32,1,칠곡RDC,울산광역시 울주군
2307,32,1,칠곡RDC,부산광역시 남구
KP12187,32,1,평택RDC,경기도 오산시
KH07657,32,1,칠곡RDC,경상남도 사천시
10362,32,1,칠곡RDC,경상남도 하동군
KP11029,32,1,칠곡RDC,경상북도 포항시 남구
7416,32,1,평택RDC,경기도 양주시
3229,32,1,계룡RDC,전라북도 김제시
KP12148,32,1,평택RDC,충청남도 천안시 동남구
KP12999,32,1,평택RDC,경기도 화성시
4216,32,1,제천RDC,경기도 이천시
KP12618,32,1,평택RDC,경기도 용인시 처인구
KH11059,32,1,계룡RDC,광주광역시 광산구
KH10832,32,1,평택RDC,경기도 양주시
1331,31,1,칠곡RDC,경상남도 고성군
5516,31,1,칠곡RDC,울산광역시 남구
9885,31,3,계룡RDC / 칠곡RDC / 평택RDC,경상북도 포항시 북구 / 대전광역시 유성구 / 인천광역시 계양구
KP13365,31,1,평택RDC,경기도 화성시
KP13443,31,1,계룡RDC,충청북도 청주시 서원구
9926,31,1,계룡RDC,충청북도 옥천군
1534,31,1,칠곡RDC,경상남도 김해시
KP11346,31,1,계룡RDC,전라북도 정읍시
1788,31,1,계룡RDC,전라남도 보성군
KP11242,31,1,평택RDC,경기도 김포시
1094,31,1,칠곡RDC,대구광역시 북구
10181,31,1,계룡RDC,충청북도 청주시 청원구
123,31,1,칠곡RDC,경상남도 합천군
9356,31,2,평택RDC,경기도 시흥시 / 인천광역시 중구
KP13662,31,1,평택RDC,충청남도 아산시
9963,31,1,계룡RDC,전라남도 광양시
KP12672,31,1,계룡RDC,대전광역시 동구
3003271,31,1,계룡RDC,전라북도 완주군
10104,31,1,칠곡RDC,경상북도 경주시
KH07504,31,1,평택RDC,경기도 용인시 기흥구
KP13691,31,1,평택RDC,경기도 안성시
KP13301,30,1,평택RDC,서울특별시 강동구
KP13258,30,1,계룡RDC,전라남도 장성군
KP11463,30,1,제천RDC,강원도 동해시
KP11217,30,1,계룡RDC,충청남도 공주시
852,30,1,계룡RDC,충청북도 괴산군
KP12110,30,1,평택RDC,경기도 파주시
KP12653,30,1,계룡RDC,대전광역시 동구
7709,30,1,칠곡RDC,울산광역시 울주군
KP13035,30,1,평택RDC,경기도 시흥시
9071,30,1,계룡RDC,전라남도 강진군
7818,30,2,계룡RDC,세종특별자치시 세종특별자치시 / 충청북도 청주시 흥덕구
KP13298,30,1,칠곡RDC,경상남도 밀양시
KH09142,30,1,계룡RDC,전라북도 전주시 덕진구
KP13813,30,1,칠곡RDC,부산광역시 남구
7112,29,1,계룡RDC,충청남도 공주시
9666,29,2,칠곡RDC / 평택RDC,울산광역시 울주군 / 인천광역시 남동구
6767,29,5,계룡RDC,광주광역시 광산구 / 전라남도 광양시 / 전라남도 여수시 / 전라남도 해남군
477,29,1,평택RDC,경기도 시흥시
KP11411,29,1,계룡RDC,전라남도 광양시
KP13052,29,1,평택RDC,경기도 고양시 덕양구
KH10752,29,1,칠곡RDC,부산광역시 수영구
2931,29,1,칠곡RDC,경상북도 울릉군
KH11056,29,1,칠곡RDC,경상남도 창원시 진해구
KH11268,29,1,칠곡RDC,대구광역시 동구
KH10617,28,1,칠곡RDC,울산광역시 동구
8962,28,1,칠곡RDC,경상남도 양산시
KP11065,28,1,평택RDC,경기도 용인시 수지구
KP11406,28,1,평택RDC,경기도 평택시
KP12902,28,1,평택RDC,인천광역시 서구
KP12219,28,1,제천RDC,경기도 여주시
KP13659,28,1,계룡RDC,전라북도 완주군
4430,28,2,칠곡RDC,경상남도 남해군 / 경상남도 산청군
KP12804,28,1,계룡RDC,전라남도 담양군
KP12875,28,1,칠곡RDC,부산광역시 강서구
10605,28,1,계룡RDC,충청북도 증평군
5028,28,1,칠곡RDC,울산광역시 남구
3018743,28,1,평택RDC,경기도 고양시 일산동구
KH10975,28,1,평택RDC,경기도 화성시
KH11083,28,1,평택RDC,경기도 오산시
KP13743,28,1,평택RDC,서울특별시 중랑구
KP13778,28,1,칠곡RDC,경상북도 포항시 남구
KH11310,28,1,제천RDC,강원도 춘천시
KP13872,28,1,평택RDC,인천광역시 중구
KH10002,27,1,평택RDC,서울특별시 강남구
1817,27,1,계룡RDC,전라북도 익산시
KP11722,27,1,평택RDC,경기도 용인시 수지구
903,27,2,계룡RDC / 평택RDC,충청남도 보령시 / 충청남도 서산시
KP12210,27,1,제천RDC,강원도 영월군
KP11436,27,1,평택RDC,충청남도 당진시
6382,27,1,평택RDC,경기도 안산시 단원구
KP12827,27,1,제천RDC,강원도 강릉시
8712,27,1,평택RDC,경기도 용인시 수지구
4933,27,1,평택RDC,경기도 연천군
KP13287,27,1,제천RDC,경상북도 영주시
KP13803,27,1,계룡RDC,광주광역시 북구
5757,26,1,계룡RDC,전라북도 완주군
KP13442,26,1,평택RDC,충청남도 천안시 서북구
KP13460,26,1,평택RDC,인천광역시 서구
KP11307,26,1,평택RDC,경기도 안성시
KP12899,26,1,칠곡RDC,부산광역시 강서구
10436,26,1,계룡RDC,충청북도 청주시 서원구
2846,26,1,칠곡RDC,경상남도 양산시
1183,26,1,칠곡RDC,경상남도 창원시 진해구
KH07505,26,1,평택RDC,경기도 용인시 수지구
KP12496,26,1,제천RDC,경기도 여주시
5844,26,1,칠곡RDC,대구광역시 달서구
8891,26,1,제천RDC,강원도 태백시
KP12450,26,1,칠곡RDC,경상북도 구미시
KP11390,26,1,제천RDC,강원도 화천군
KH11270,26,1,평택RDC,경기도 시흥시
KP13840,26,1,칠곡RDC,경상북도 경주시
6206,25,1,제천RDC,강원도 삼척시
9579,25,1,칠곡RDC,울산광역시 북구
KP13173,25,1,평택RDC,경기도 남양주시
KP13039,25,1,평택RDC,경기도 용인시 처인구
KH02249,25,1,칠곡RDC,경상남도 김해시
7978,25,1,평택RDC,서울특별시 성동구
KH10945,25,1,평택RDC,충청남도 아산시
KP12092,25,1,제천RDC,강원도 평창군
KP12384,25,1,제주RDC,제주특별자치도 제주시
KH10764,25,1,칠곡RDC,경상북도 구미시
KH02255,25,1,칠곡RDC,부산광역시 사상구
999,25,1,제천RDC,강원도 강릉시
6082,25,1,평택RDC,경기도 시흥시
KP13630,25,1,평택RDC,서울특별시 양천구
KP13407,25,1,제천RDC,경상북도 봉화군
KP12144,25,1,제천RDC,강원도 강릉시
10290,25,1,평택RDC,충청남도 예산군
1344,25,1,칠곡RDC,경상남도 진주시
KH10801,25,1,제천RDC,강원도 원주시
1631,25,1,계룡RDC,전라북도 남원시
KH06933,25,1,계룡RDC,전라북도 전주시 덕진구
KH11029,25,1,평택RDC,경기도 용인시 처인구
KH11055,25,1,평택RDC,경기도 수원시 권선구
KP13757,25,1,계룡RDC,충청북도 청주시 흥덕구
KH07308,25,1,칠곡RDC,경상남도 김해시
KH04593,24,1,평택RDC,경기도 고양시 일산동구
KP12910,24,1,평택RDC,충청남도 아산시
KP11662,24,1,칠곡RDC,부산광역시 남구
10183,24,1,평택RDC,인천광역시 서구
KP12556,24,1,평택RDC,경기도 평택시
KH10696,24,1,칠곡RDC,경상남도 김해시
KP11562,24,1,평택RDC,충청남도 태안군
KP11062,24,1,계룡RDC,전라남도 목포시
KP11429,24,1,제천RDC,강원도 원주시
KP11147,24,1,계룡RDC,전라북도 군산시
KH10421,24,1,평택RDC,경기도 김포시
10604,24,3,계룡RDC,충청북도 청주시 서원구 / 충청북도 청주시 청원구 / 충청북도 청주시 흥덕구
311,24,1,평택RDC,경기도 화성시
KP11057,24,1,계룡RDC,충청남도 부여군
7018,24,1,평택RDC,경기도 평택시
KP13654,24,1,제천RDC,강원도 평창군
5016,24,1,계룡RDC,전라북도 익산시
KP13609,24,1,계룡RDC,전라북도 완주군
KH07325,24,1,평택RDC,경기도 성남시 분당구
KH11032,24,1,칠곡RDC,경상남도 김해시
KP12161,24,1,평택RDC,서울특별시 성북구
KP12451,23,1,칠곡RDC,경상남도 진주시
KH05537,23,1,칠곡RDC,부산광역시 부산진구
KH09072,23,1,평택RDC,경기도 김포시
8401,23,1,칠곡RDC,대구광역시 달서구
KH10354,23,1,칠곡RDC,울산광역시 동구
KP13274,23,1,평택RDC,경기도 평택시
KH10243,23,1,칠곡RDC,경상남도 김해시
222,23,5,제주RDC / 평택RDC,경기도 김포시 / 경기도 용인시 처인구 / 서울특별시 영등포구 / 제주특별자치도 서귀포시 / 제주특별자치도 제주시
KP12057,23,1,계룡RDC,충청남도 공주시
6203,23,1,평택RDC,경기도 용인시 처인구
5969,23,3,계룡RDC,충청남도 금산군 / 충청남도 논산시
KP11298,23,1,칠곡RDC,경상북도 포항시 남구
KP12995,23,1,계룡RDC,전라남도 영광군
491,23,1,평택RDC,경기도 김포시
1382,23,1,칠곡RDC,경상남도 함양군
KH11278,23,1,계룡RDC,전라북도 익산시
KP13001,22,1,평택RDC,경기도 용인시 기흥구
10541,22,1,칠곡RDC,경상북도 구미시
7687,22,1,칠곡RDC,울산광역시 울주군
9584,22,1,칠곡RDC,부산광역시 사하구
KP13604,22,1,평택RDC,경기도 양주시
7812,22,1,계룡RDC,전라남도 목포시
KH02272,22,1,계룡RDC,전라남도 순천시
KP11440,22,1,계룡RDC,충청남도 논산시
10631,22,1,칠곡RDC,부산광역시 금정구
KP11787,22,1,제주RDC,제주특별자치도 서귀포시
KP12136,22,1,칠곡RDC,부산광역시 강서구
8408,22,1,칠곡RDC,대구광역시 달서구
1500,22,1,제주RDC,제주특별자치도 제주시
10589,22,1,평택RDC,서울특별시 중랑구
KP11397,22,1,계룡RDC,광주광역시 광산구
KP11054,22,1,칠곡RDC,경상남도 합천군
KP12561,22,1,계룡RDC,충청남도 공주시
KH10744,22,1,칠곡RDC,경상남도 밀양시
KP11222,22,1,계룡RDC,전라남도 영광군
KH11327,22,1,평택RDC,경기도 화성시
KH10620,22,1,평택RDC,경기도 포천시
KH11187,22,1,계룡RDC,광주광역시 광산구
KH11285,22,1,평택RDC,경기도 군포시
1363,21,1,칠곡RDC,경상남도 사천시
10606,21,1,계룡RDC,충청북도 보은군
837,21,1,계룡RDC,충청북도 청주시 흥덕구
KP12341,21,1,평택RDC,경기도 광주시
6713,21,1,평택RDC,경기도 남양주시
KP11253,21,1,평택RDC,충청남도 예산군
5421,21,1,계룡RDC,충청북도 청주시 상당구
4487,21,1,계룡RDC,전라남도 영암군
KP13323,21,1,계룡RDC,대전광역시 유성구
6665,21,1,계룡RDC,전라남도 구례군
KP12094,21,1,칠곡RDC,부산광역시 북구
7918,21,1,제천RDC,경기도 여주시
KP12953,21,1,계룡RDC,광주광역시 북구
KP13042,21,1,계룡RDC,전라남도 목포시
KP13070,21,1,칠곡RDC,경상남도 창원시 마산회원구
850,21,1,제천RDC,충청북도 충주시
KP11774,21,1,평택RDC,경기도 고양시 일산동구
KH09869,21,1,평택RDC,경기도 화성시
KP11218,21,1,제천RDC,충청북도 제천시
KH10048,21,1,칠곡RDC,대구광역시 달서구
1508,20,1,제주RDC,제주특별자치도 제주시
7023,20,1,평택RDC,충청남도 아산시
6777,20,1,칠곡RDC,대구광역시 북구
7621,20,1,칠곡RDC,경상북도 칠곡군
9678,20,1,평택RDC,충청남도 태안군
KH10024,20,1,계룡RDC,전라북도 김제시
KP13214,20,1,평택RDC,경기도 평택시
KP11056,20,1,계룡RDC,충청북도 옥천군
KH10868,20,1,칠곡RDC,부산광역시 사상구
KP12911,20,1,계룡RDC,충청북도 증평군
9576,20,1,평택RDC,경기도 하남시
KH10131,20,1,평택RDC,경기도 수원시 영통구
KP12434,20,1,평택RDC,경기도 하남시
KP12686,20,1,계룡RDC,전라북도 순창군
126,20,1,칠곡RDC,대구광역시 동구
KP11219,20,1,제천RDC,충청북도 충주시
KP13746,20,1,평택RDC,충청남도 천안시 동남구
KP13812,20,1,칠곡RDC,경상북도 울진군
KH11186,20,1,계룡RDC,전라남도 순천시
KP13865,20,1,평택RDC,경기도 용인시 기흥구
KH07509,19,1,평택RDC,경기도 군포시
KP13367,19,1,계룡RDC,전라북도 김제시
1292,19,2,칠곡RDC / 평택RDC,울산광역시 울주군 / 충청남도 서산시
KP11347,19,1,계룡RDC,광주광역시 북구
KP12381,19,1,제천RDC,강원도 평창군
KP13459,19,1,칠곡RDC,경상남도 밀양시
7680,19,1,평택RDC,경기도 부천시 오정구
7866,19,1,평택RDC,경기도 용인시 처인구
KH10968,19,1,평택RDC,충청남도 천안시 서북구
6336,19,1,평택RDC,인천광역시 서구
KP11469,19,1,제천RDC,강원도 양양군
8789,19,1,칠곡RDC,경상북도 포항시 남구
KP13232,19,1,평택RDC,경기도 화성시
KP12617,19,1,계룡RDC,전라북도 정읍시
KP12915,19,1,평택RDC,충청북도 진천군
KP13633,19,1,계룡RDC,충청남도 서천군
KP13092,19,1,평택RDC,경기도 안산시 상록구
7668,19,1,제천RDC,충청북도 충주시
KP13741,19,1,평택RDC,경기도 평택시
KH11023,19,1,평택RDC,경기도 부천시 오정구
KP13747,19,1,제천RDC,경기도 여주시
KH11141,19,1,평택RDC,경기도 평택시
KH10370,19,1,제천RDC,강원도 춘천시
5956,18,1,칠곡RDC,경상남도 창녕군
KP13181,18,1,칠곡RDC,경상북도 경주시
KP12673,18,1,제천RDC,충청북도 충주시
KP12202,18,1,평택RDC,충청북도 음성군
630,18,1,평택RDC,경기도 화성시
KH10262,18,1,칠곡RDC,울산광역시 남구
3020406,18,1,평택RDC,충청북도 음성군
9808,18,2,평택RDC,강원도 철원군 / 경기도 포천시
KP13628,18,1,평택RDC,경기도 의정부시
KP13321,18,1,칠곡RDC,경상북도 영덕군
KP13432,18,1,계룡RDC,전라북도 군산시
KP12201,18,1,칠곡RDC,경상북도 김천시
KP12175,18,1,제천RDC,강원도 삼척시
1272,18,1,칠곡RDC,경상북도 경주시
KH10005,18,1,평택RDC,경기도 구리시
7407,18,1,계룡RDC,세종특별자치시 세종특별자치시
5087,18,1,칠곡RDC,경상남도 의령군
KH10591,18,1,계룡RDC,전라북도 전주시 완산구
KH01149,18,1,칠곡RDC,대구광역시 동구
KP12559,18,1,평택RDC,경기도 포천시
10428,18,1,평택RDC,경기도 남양주시
7981,18,1,칠곡RDC,경상남도 양산시
KP11861,18,1,칠곡RDC,경상북도 포항시 남구
KP13261,18,1,평택RDC,경기도 화성시
KP13837,18,1,평택RDC,경기도 수원시 권선구
KP13711,18,1,평택RDC,경기도 하남시
KH11004,18,1,평택RDC,경기도 하남시
KP13841,18,1,계룡RDC,광주광역시 광산구
KP11960,17,1,평택RDC,경기도 수원시 권선구
KH07506,17,1,평택RDC,경기도 수원시 팔달구
9364,17,1,평택RDC,경기도 안산시 단원구
KP11305,17,1,칠곡RDC,경상북도 칠곡군
KP12753,17,1,계룡RDC,충청남도 청양군
KP12855,17,1,계룡RDC,광주광역시 북구
KP11466,17,1,제천RDC,강원도 횡성군
KP13202,17,1,평택RDC,경기도 안산시 단원구
5334,17,1,칠곡RDC,경상남도 양산시
KH10867,17,1,평택RDC,인천광역시 중구
KP13208,17,1,평택RDC,충청북도 진천군
10208,17,4,평택RDC,경기도 화성시
942,17,1,계룡RDC,충청남도 부여군
KH10918,17,1,평택RDC,경기도 용인시 기흥구
KP13644,17,1,평택RDC,충청남도 천안시 동남구
KH10580,17,1,평택RDC,경기도 안성시
3017243,17,1,칠곡RDC,경상북도 포항시 남구
KP13850,17,1,평택RDC,서울특별시 양천구
KH11249,17,1,평택RDC,경기도 고양시 일산동구
KH07326,16,1,평택RDC,경기도 용인시 처인구
KP13457,16,1,칠곡RDC,경상남도 사천시
KP13122,16,1,계룡RDC,전라북도 전주시 완산구
KP12607,16,1,제천RDC,경기도 여주시
10602,16,1,계룡RDC,전라북도 남원시
KP13168,16,1,칠곡RDC,부산광역시 강서구
KP12406,16,1,계룡RDC,충청북도 청주시 서원구
7694,16,1,계룡RDC,전라남도 화순군
10068,16,1,칠곡RDC,울산광역시 북구
KP11027,16,1,평택RDC,경기도 하남시
4470,16,1,칠곡RDC,울산광역시 울주군
7753,16,1,평택RDC,경기도 남양주시
9585,16,1,칠곡RDC,경상북도 구미시
KH10461,16,1,칠곡RDC,경상북도 경주시
KP13126,16,1,칠곡RDC,경상남도 창원시 마산회원구
KP11467,16,1,제천RDC,강원도 인제군
KP11702,16,1,계룡RDC,대전광역시 중구
KP11676,16,1,평택RDC,경기도 안양시 동안구
KH08536,16,1,평택RDC,서울특별시 송파구
KP13416,16,1,제천RDC,경상북도 봉화군
8127,16,1,계룡RDC,대전광역시 대덕구
KP12826,16,1,칠곡RDC,경상남도 김해시
KP13632,16,1,계룡RDC,충청북도 청주시 서원구
KP13107,16,1,평택RDC,경기도 파주시
6843,16,2,평택RDC,경기도 포천시 / 서울특별시 중랑구
KH11087,16,1,평택RDC,경기도 용인시 처인구
KP13715,16,1,평택RDC,경기도 화성시
KH11195,16,1,평택RDC,경기도 화성시
KP13703,16,1,계룡RDC,광주광역시 동구
KP13692,16,1,평택RDC,경기도 오산시
KP12985,16,1,제천RDC,강원도 삼척시
KP11875,16,1,칠곡RDC,대구광역시 서구
8961,15,1,칠곡RDC,대구광역시 북구
4944,15,1,평택RDC,경기도 광주시
KP11478,15,1,평택RDC,충청북도 진천군
KP13101,15,1,평택RDC,경기도 동두천시
KH00408,15,1,계룡RDC,전라남도 순천시
3019346,15,1,제천RDC,강원도 강릉시
KH10004,15,1,평택RDC,경기도 화성시
KH00845,15,1,칠곡RDC,경상남도 김해시
KP11606,15,1,제천RDC,강원도 영월군
8966,15,1,칠곡RDC,경상북도 포항시 남구
7922,15,1,칠곡RDC,경상북도 포항시 남구
KP12544,15,1,평택RDC,충청남도 당진시
KP13651,15,1,칠곡RDC,경상남도 창원시 진해구
KH10396,15,1,평택RDC,경기도 광주시
KP11630,15,1,칠곡RDC,부산광역시 기장군
KH02378,15,1,평택RDC,경기도 성남시 수정구
KH07486,15,1,계룡RDC,전라북도 군산시
KP13796,15,1,평택RDC,경기도 화성시
KP13450,15,1,평택RDC,경기도 수원시 영통구
KH09562,14,1,평택RDC,경기도 부천시 원미구
10625,14,4,칠곡RDC,경상북도 울진군
1155,14,1,칠곡RDC,부산광역시 사하구
9210,14,1,평택RDC,경기도 구리시
KH09855,14,1,평택RDC,경기도 평택시
KH10978,14,1,평택RDC,경기도 화성시
3682,14,1,평택RDC,경기도 광주시
KP13627,14,1,평택RDC,서울특별시 강동구
3019157,14,1,제천RDC,강원도 강릉시
KP13011,14,1,계룡RDC,전라북도 전주시 덕진구
KH10312,14,1,평택RDC,경기도 의정부시
KH07269,14,1,칠곡RDC,경상남도 김해시
10601,14,1,평택RDC,인천광역시 서구
9969,14,5,계룡RDC,광주광역시 서구 / 전라남도 나주시 / 전라남도 해남군 / 전라북도 임실군
KH10417,14,1,평택RDC,경기도 파주시
9736,14,1,계룡RDC,대전광역시 대덕구
9608,14,1,칠곡RDC,부산광역시 강서구
6352,14,1,제주RDC,제주특별자치도 서귀포시
7662,14,1,제천RDC,강원도 인제군
KH09968,14,1,계룡RDC,대전광역시 유성구
910,14,1,계룡RDC,충청남도 공주시
9638,14,1,평택RDC,충청북도 음성군
KH08795,14,1,제천RDC,강원도 인제군
KP13784,14,1,계룡RDC,전라북도 익산시
KP13694,14,1,제천RDC,강원도 속초시
KP13742,14,1,평택RDC,경기도 성남시 수정구
KP13790,14,1,평택RDC,경기도 고양시 일산동구
4171,14,1,계룡RDC,전라북도 전주시 덕진구
KH01271,14,1,평택RDC,서울특별시 강남구
KH04152,14,1,평택RDC,경기도 화성시
KP13061,13,1,칠곡RDC,부산광역시 해운대구
1356,13,1,칠곡RDC,경상남도 사천시
KP12913,13,1,평택RDC,인천광역시 부평구
5550,13,1,평택RDC,충청남도 서산시
KH10697,13,1,칠곡RDC,경상남도 창원시 마산회원구
KP13191,13,1,칠곡RDC,경상북도 경주시
1087,13,1,칠곡RDC,경상북도 고령군
KP13093,13,1,칠곡RDC,경상남도 양산시
7062,13,1,계룡RDC,전라남도 해남군
KP11465,13,1,제천RDC,강원도 춘천시
KP12710,13,1,평택RDC,서울특별시 종로구
10131,13,1,계룡RDC,충청북도 청주시 청원구
KP12411,13,1,칠곡RDC,경상북도 구미시
KP13256,13,1,평택RDC,경기도 성남시 중원구
KP11799,13,1,칠곡RDC,부산광역시 금정구
KH05555,13,1,평택RDC,경기도 의정부시
KP11414,13,1,칠곡RDC,경상남도 거제시
1585,13,1,칠곡RDC,울산광역시 울주군
KH10389,13,1,칠곡RDC,부산광역시 부산진구
KP11355,13,1,평택RDC,경기도 성남시 분당구
KP12398,13,1,계룡RDC,충청북도 옥천군
KP11039,13,1,계룡RDC,광주광역시 광산구
10570,13,1,평택RDC,경기도 시흥시
KP11985,13,1,계룡RDC,충청남도 논산시
9751,13,1,계룡RDC,충청남도 논산시
KP12721,13,1,평택RDC,충청북도 진천군
KP12610,13,1,평택RDC,경기도 화성시
KH11192,13,1,평택RDC,경기도 평택시
KH05591,13,1,제천RDC,강원도 춘천시
KH11208,13,1,계룡RDC,광주광역시 북구
3019284,13,1,제주RDC,제주특별자치도 제주시
KP13873,13,1,평택RDC,경기도 안산시 단원구
KP12860,12,1,칠곡RDC,경상남도 거제시
KP11915,12,1,계룡RDC,충청북도 청주시 서원구
9280,12,1,평택RDC,경기도 용인시 처인구
397,12,2,평택RDC,경기도 고양시 일산서구 / 서울특별시 마포구
3022138,12,1,칠곡RDC,경상남도 창원시 성산구
1579,12,1,칠곡RDC,부산광역시 동래구
KP13626,12,1,평택RDC,경기도 구리시
KP13464,12,1,계룡RDC,충청남도 금산군
KH10249,12,1,칠곡RDC,대구광역시 달성군
9121,12,1,평택RDC,경기도 안성시
KP11587,12,1,평택RDC,경기도 화성시
KP13228,12,1,평택RDC,경기도 부천시 원미구
KH06936,12,1,계룡RDC,전라북도 전주시 덕진구
KP12763,12,1,계룡RDC,대전광역시 서구
KH10107,12,1,평택RDC,경기도 양평군
KP13409,12,1,칠곡RDC,경상북도 포항시 북구
KH02231,12,1,평택RDC,경기도 안양시 동안구
KP11052,12,1,칠곡RDC,경상남도 진주시
5369,12,1,계룡RDC,전라남도 목포시
KH02481,12,1,평택RDC,경기도 평택시
KP11617,12,1,계룡RDC,충청북도 보은군
KH02190,12,1,평택RDC,경기도 연천군
KP12125,12,1,계룡RDC,충청북도 청주시 서원구
9409,12,1,칠곡RDC,경상북도 포항시 남구
KP13303,12,1,계룡RDC,전라북도 익산시
KP13254,12,1,제천RDC,강원도 영월군
10242,12,2,계룡RDC,광주광역시 광산구 / 광주광역시 서구
KP13823,12,1,칠곡RDC,경상북도 청송군
KP13729,12,1,계룡RDC,광주광역시 서구
KH01151,12,1,칠곡RDC,부산광역시 강서구
KH08094,12,1,계룡RDC,전라북도 전주시 덕진구
KP13868,12,1,평택RDC,경기도 화성시
KH10578,11,1,칠곡RDC,경상남도 거제시
KH10466,11,1,평택RDC,경기도 성남시 수정구
7573,11,1,칠곡RDC,부산광역시 부산진구
467,11,2,평택RDC,경기도 부천시 원미구 / 서울특별시 구로구
KP11419,11,1,칠곡RDC,경상북도 구미시
KH09978,11,1,칠곡RDC,경상남도 김해시
7026,11,1,칠곡RDC,경상남도 진주시
KH02321,11,1,칠곡RDC,경상남도 김해시
6006,11,1,계룡RDC,세종특별자치시 세종특별자치시
KP12718,11,1,계룡RDC,전라북도 정읍시
9621,11,2,계룡RDC / 칠곡RDC,부산광역시 기장군 / 전라남도 여수시
KP13411,11,1,제천RDC,강원도 동해시
KH08251,11,1,칠곡RDC,경상남도 김해시
KP11403,11,1,계룡RDC,충청남도 논산시
KH10060,11,1,계룡RDC,충청북도 청주시 흥덕구
KH10246,11,1,칠곡RDC,경상북도 구미시
KP11567,11,1,계룡RDC,전라남도 여수시
KP12222,11,1,칠곡RDC,경상남도 밀양시
KH09642,11,1,칠곡RDC,경상남도 진주시
KH07913,11,1,평택RDC,경기도 고양시 일산동구
10629,11,1,칠곡RDC,경상남도 김해시
10315,11,1,칠곡RDC,경상북도 김천시
6849,11,1,칠곡RDC,경상북도 경주시
KP12452,11,1,평택RDC,강원도 철원군
KP11435,11,1,평택RDC,충청남도 서산시
KP12712,11,1,평택RDC,경기도 동두천시
KH09564,11,1,계룡RDC,충청남도 금산군
1421,11,1,칠곡RDC,경상북도 경산시
KP13031,11,1,칠곡RDC,부산광역시 사상구
3938,11,1,평택RDC,경기도 화성시
KH11326,11,1,계룡RDC,전라북도 임실군
KH11071,11,1,평택RDC,경기도 평택시
10066,11,1,제천RDC,충청북도 단양군
KH11069,11,1,칠곡RDC,대구광역시 서구
KP13446,10,1,평택RDC,인천광역시 미추홀구
KP13038,10,1,칠곡RDC,경상북도 포항시 남구
KP13138,10,1,제천RDC,경기도 여주시
KP13005,10,1,칠곡RDC,경상남도 김해시
KP13003,10,1,계룡RDC,충청북도 청주시 청원구
317,10,1,평택RDC,경기도 파주시
1124,10,1,칠곡RDC,대구광역시 달성군
1148,10,1,칠곡RDC,부산광역시 동구
KP13291,10,1,제천RDC,충청북도 제천시
KP13072,10,1,칠곡RDC,경상북도 구미시
KP12935,10,1,평택RDC,경기도 평택시
KP11224,10,1,평택RDC,충청남도 태안군
KH10322,10,1,제천RDC,강원도 횡성군
KH10402,10,1,칠곡RDC,경상남도 함안군
KP13279,10,1,평택RDC,경기도 가평군
KP12085,10,1,계룡RDC,대전광역시 대덕구
KP12863,10,1,평택RDC,충청남도 천안시 동남구
KP11951,10,1,평택RDC,경기도 광명시
9373,10,1,칠곡RDC,경상남도 함안군
KH10072,10,1,계룡RDC,대전광역시 유성구
7848,10,1,칠곡RDC,경상북도 경산시
3004393,10,1,제천RDC,강원도 홍천군
KP13119,10,1,계룡RDC,전라남도 영암군
KH10102,10,1,제천RDC,경기도 이천시
KP12261,10,1,평택RDC,경기도 김포시
KP13308,10,1,칠곡RDC,경상북도 상주시
KP13680,10,1,칠곡RDC,경상북도 영덕군
3265,10,1,칠곡RDC,부산광역시 연제구
KH11289,10,1,계룡RDC,전라북도 전주시 완산구
KH10683,10,1,칠곡RDC,경상남도 양산시
KP12352,10,1,평택RDC,서울특별시 종로구
KH01796,10,1,계룡RDC,전라남도 목포시
KH11334,10,1,계룡RDC,광주광역시 북구
KH11232,10,1,칠곡RDC,부산광역시 사하구
941,9,1,계룡RDC,충청남도 공주시
KH08776,9,1,평택RDC,경기도 용인시 기흥구
KP12098,9,1,칠곡RDC,부산광역시 해운대구
KP13453,9,1,제천RDC,경기도 여주시
KP13225,9,1,계룡RDC,전라남도 무안군
7113,9,1,평택RDC,경기도 화성시
KH10976,9,1,평택RDC,경기도 화성시
KP12596,9,1,평택RDC,충청남도 아산시
KH10260,9,1,평택RDC,서울특별시 광진구
KP11225,9,1,계룡RDC,대전광역시 대덕구
10612,9,1,평택RDC,경기도 화성시
1300,9,1,칠곡RDC,울산광역시 울주군
6862,9,1,제주RDC,제주특별자치도 제주시
8951,9,1,칠곡RDC,경상북도 칠곡군
KH10245,9,1,칠곡RDC,경상남도 창원시 의창구
KH06939,9,1,계룡RDC,전라북도 익산시
7276,9,1,계룡RDC,전라남도 여수시
5166,9,1,칠곡RDC,경상남도 김해시
KH07313,9,1,칠곡RDC,경상북도 포항시 북구
KP11215,9,1,칠곡RDC,경상남도 창원시 마산합포구
9718,9,1,제주RDC,제주특별자치도 제주시
7873,9,1,평택RDC,충청남도 서산시
2916,9,1,계룡RDC,광주광역시 북구
4071,9,1,계룡RDC,전라남도 순천시
7858,9,1,평택RDC,경기도 평택시
KP11729,9,1,계룡RDC,전라남도 광양시
KP12526,9,1,계룡RDC,세종특별자치시 세종특별자치시
295,9,1,평택RDC,서울특별시 강남구
9380,9,1,평택RDC,충청남도 서산시
8133,9,1,평택RDC,경기도 가평군
KP11321,9,1,제천RDC,경기도 이천시
KP13313,9,1,평택RDC,경기도 포천시
KP12395,9,1,제천RDC,강원도 양구군
10618,9,3,칠곡RDC,경상북도 김천시 / 경상북도 상주시
3016062,9,1,제천RDC,경기도 여주시
KH11061,9,1,계룡RDC,전라북도 전주시 덕진구
KP12774,9,1,평택RDC,충청남도 아산시
KP13845,9,1,제천RDC,경상북도 영주시
KH11118,9,1,평택RDC,서울특별시 은평구
KP13848,9,1,평택RDC,경기도 성남시 수정구
KP13768,9,1,평택RDC,인천광역시 남동구
KP13718,9,1,칠곡RDC,경상남도 진주시
KP13305,9,1,계룡RDC,충청남도 논산시
KP13756,9,1,평택RDC,경기도 포천시
KP13246,8,1,평택RDC,경기도 김포시
KH09230,8,1,제천RDC,강원도 동해시
KP12905,8,1,계룡RDC,충청남도 금산군
KH07994,8,1,칠곡RDC,경상남도 양산시
9168,8,3,평택RDC,경기도 수원시 권선구 / 경기도 화성시
KP13187,8,1,평택RDC,경기도 용인시 기흥구
KH10971,8,1,평택RDC,경기도 가평군
KH10244,8,1,칠곡RDC,경상남도 김해시
3003707,8,1,칠곡RDC,부산광역시 기장군
6645,8,1,제주RDC,제주특별자치도 제주시
KH10125,8,1,평택RDC,경기도 화성시
KP13060,8,1,칠곡RDC,경상남도 함안군
KP11977,8,1,칠곡RDC,부산광역시 사상구
KP12920,8,1,제천RDC,강원도 속초시
KH02254,8,1,칠곡RDC,부산광역시 기장군
KP13177,8,1,계룡RDC,세종특별자치시 세종특별자치시
KP11041,8,1,계룡RDC,전라남도 목포시
KP13648,8,1,칠곡RDC,경상남도 거제시
KH10252,8,1,칠곡RDC,대구광역시 서구
KP11696,8,1,계룡RDC,광주광역시 광산구
KH10535,8,1,칠곡RDC,부산광역시 사하구
KH10139,8,1,칠곡RDC,부산광역시 금정구
9367,8,1,제천RDC,충청북도 충주시
KP13463,8,1,평택RDC,경기도 평택시
6542,8,1,칠곡RDC,부산광역시 강서구
10614,8,1,칠곡RDC,대구광역시 달성군
KH02065,8,1,칠곡RDC,부산광역시 부산진구
KH09785,8,1,평택RDC,경기도 고양시 일산동구
KH09492,8,1,계룡RDC,전라북도 익산시
KH10875,8,1,평택RDC,서울특별시 서초구
6649,8,1,평택RDC,경기도 남양주시
KP13720,8,1,칠곡RDC,경상북도 문경시
KH11096,8,1,평택RDC,서울특별시 서초구
KH01818,8,1,계룡RDC,전라북도 군산시
KH11103,8,1,계룡RDC,대전광역시 대덕구
KH11107,8,1,계룡RDC,전라북도 전주시 덕진구
KH10702,8,1,제천RDC,경상북도 봉화군
KH11036,8,1,평택RDC,경기도 포천시
KP12188,8,1,평택RDC,경기도 수원시 권선구
KP13696,8,1,계룡RDC,충청남도 청양군
KH11291,8,1,평택RDC,경기도 연천군
KH11041,8,1,평택RDC,서울특별시 영등포구
9341,8,1,평택RDC,충청남도 아산시
KH11073,8,1,평택RDC,경기도 양주시
KP13870,8,1,평택RDC,경기도 용인시 처인구
KH08277,7,1,평택RDC,경기도 고양시 덕양구
KH10456,7,1,평택RDC,경기도 시흥시
KP13423,7,1,평택RDC,서울특별시 강서구
KH07493,7,1,칠곡RDC,경상북도 구미시
KP13653,7,1,계룡RDC,충청북도 옥천군
KH10250,7,1,칠곡RDC,대구광역시 동구
KP12490,7,1,평택RDC,경기도 화성시
KH10047,7,1,칠곡RDC,경상북도 경주시
KP11871,7,1,평택RDC,충청남도 아산시
KP13649,7,1,칠곡RDC,부산광역시 기장군
KP12862,7,1,칠곡RDC,경상남도 사천시
9296,7,1,평택RDC,경기도 화성시
1313,7,1,칠곡RDC,울산광역시 중구
9878,7,1,칠곡RDC,경상북도 경주시
KP13645,7,1,칠곡RDC,경상남도 김해시
KP12739,7,1,평택RDC,경기도 포천시
6097,7,2,평택RDC,경기도 시흥시 / 경기도 안산시 상록구
KP11063,7,1,계룡RDC,전라남도 순천시
7696,7,1,평택RDC,경기도 광주시
KP13458,7,1,평택RDC,경기도 포천시
KP12780,7,1,계룡RDC,전라북도 전주시 완산구
KP11612,7,1,계룡RDC,세종특별자치시 세종특별자치시
96,7,1,평택RDC,충청남도 서산시
KH08193,7,1,칠곡RDC,부산광역시 수영구
KH02218,7,1,계룡RDC,전라북도 군산시
195,7,1,평택RDC,경기도 하남시
KP13222,7,1,제주RDC,제주특별자치도 제주시
KP12410,7,1,평택RDC,충청남도 홍성군
7814,7,1,평택RDC,경기도 오산시
KP13281,7,1,칠곡RDC,울산광역시 중구
KH10756,7,1,평택RDC,인천광역시 동구
9964,7,1,평택RDC,충청남도 홍성군
KP12822,7,1,칠곡RDC,경상남도 함안군
7896,7,1,평택RDC,충청남도 서산시
1536,7,1,칠곡RDC,부산광역시 부산진구
KP13465,7,1,계룡RDC,전라북도 전주시 덕진구
KH10972,7,1,평택RDC,경기도 성남시 수정구
926,7,1,계룡RDC,대전광역시 서구
3637,7,1,평택RDC,경기도 부천시 소사구
KP13846,7,1,평택RDC,경기도 시흥시
KP13740,7,1,평택RDC,인천광역시 서구
KH09583,7,1,제천RDC,강원도 원주시
KH11372,7,1,평택RDC,경기도 성남시 분당구
KH11177,7,1,평택RDC,경기도 오산시
KH11337,7,1,평택RDC,경기도 김포시
KP13310,7,1,칠곡RDC,경상북도 구미시
KH11388,7,1,평택RDC,인천광역시 연수구
KH11072,7,1,평택RDC,경기도 용인시 처인구
1106,6,1,칠곡RDC,대구광역시 달서구
KH02146,6,1,칠곡RDC,대구광역시 달성군
7066,6,1,계룡RDC,충청남도 보령시
677,6,1,평택RDC,인천광역시 부평구
KH10358,6,1,평택RDC,경기도 고양시 일산서구
KH10095,6,1,칠곡RDC,부산광역시 금정구
8955,6,1,계룡RDC,대전광역시 서구
9978,6,1,평택RDC,충청남도 당진시
KP13270,6,1,제천RDC,강원도 강릉시
6098,6,1,평택RDC,경기도 안양시 만안구
7166,6,2,칠곡RDC / 평택RDC,부산광역시 사상구 / 서울특별시 서초구
333,6,1,평택RDC,서울특별시 금천구
3014277,6,1,평택RDC,서울특별시 금천구
KP13142,6,1,칠곡RDC,경상남도 양산시
1703,6,1,계룡RDC,광주광역시 북구
KH10251,6,1,칠곡RDC,대구광역시 서구
KP13139,6,1,칠곡RDC,경상남도 양산시
KP13030,6,1,제천RDC,강원도 고성군
510,6,1,평택RDC,경기도 성남시 분당구
KH10811,6,1,계룡RDC,전라북도 순창군
KH02345,6,1,평택RDC,경기도 하남시
KH07993,6,1,계룡RDC,전라남도 나주시
5347,6,2,제천RDC,강원도 인제군
KP13276,6,1,계룡RDC,세종특별자치시 세종특별자치시
2902,6,1,제천RDC,충청북도 음성군
5342,6,1,평택RDC,경기도 광주시
KH00453,6,1,칠곡RDC,부산광역시 연제구
KH10273,6,1,평택RDC,충청남도 천안시 서북구
KH02059,6,1,계룡RDC,광주광역시 광산구
KP13449,6,1,칠곡RDC,경상북도 포항시 남구
KP13726,6,1,칠곡RDC,부산광역시 사하구
KH01557,6,1,평택RDC,서울특별시 서초구
KH10961,6,1,평택RDC,경기도 화성시
KP13113,6,1,칠곡RDC,경상남도 김해시
KP12176,6,1,평택RDC,경기도 평택시
KH11108,6,1,칠곡RDC,대구광역시 북구
KH11093,6,1,평택RDC,경기도 광명시
KH09638,6,1,제천RDC,충청북도 제천시
KP12346,6,1,평택RDC,경기도 파주시
KH11374,6,1,평택RDC,경기도 고양시 일산서구
KP13164,6,1,제천RDC,강원도 횡성군
KH07488,6,1,계룡RDC,전라북도 군산시
KP13708,6,1,평택RDC,경기도 평택시
KH10079,6,1,제천RDC,강원도 평창군
KP11216,6,1,평택RDC,충청남도 홍성군
KH11185,6,1,칠곡RDC,경상남도 거제시
KH09946,6,1,평택RDC,서울특별시 중구
KH10914,6,1,계룡RDC,대전광역시 서구
KH11319,6,1,평택RDC,서울특별시 노원구
KH11084,6,1,평택RDC,경기도 용인시 기흥구
KP12139,6,1,계룡RDC,전라북도 임실군
KH11395,6,1,중부RDC,경기도 광명시
KP12898,5,1,칠곡RDC,부산광역시 부산진구
KH09911,5,1,제천RDC,강원도 속초시
6847,5,1,칠곡RDC,경상남도 거제시
7437,5,1,평택RDC,경기도 용인시 처인구
KH09966,5,1,칠곡RDC,경상남도 김해시
3021935,5,1,칠곡RDC,부산광역시 해운대구
3008625,5,1,칠곡RDC,경상남도 함안군
KP12208,5,1,제천RDC,경기도 이천시
KH08282,5,1,평택RDC,경기도 화성시
7262,5,1,칠곡RDC,부산광역시 사상구
3013070,5,1,칠곡RDC,경상남도 양산시
KP13069,5,1,제천RDC,경기도 여주시
10561,5,1,평택RDC,충청남도 홍성군
KH00031,5,1,칠곡RDC,부산광역시 해운대구
KH00560,5,1,칠곡RDC,부산광역시 금정구
KH00811,5,1,제천RDC,강원도 속초시
KH04590,5,1,평택RDC,인천광역시 동구
KH10969,5,1,평택RDC,충청남도 아산시
KH09958,5,1,평택RDC,경기도 성남시 수정구
KP12976,5,1,계룡RDC,충청남도 논산시
KH10692,5,1,칠곡RDC,경상북도 경주시
1777,5,1,계룡RDC,전라남도 광양시
7620,5,1,계룡RDC,전라남도 광양시
KP11551,5,1,칠곡RDC,경상남도 진주시
1337,5,1,칠곡RDC,경상남도 남해군
KP11673,5,1,평택RDC,경기도 부천시 원미구
6763,5,1,평택RDC,충청남도 천안시 동남구
9325,5,1,계룡RDC,충청남도 계룡시
KP12917,5,1,제천RDC,강원도 속초시
7741,5,1,칠곡RDC,경상남도 창원시 진해구
1403,5,1,칠곡RDC,경상북도 영천시
KP11785,5,2,칠곡RDC,부산광역시 사하구
188,5,1,평택RDC,서울특별시 중랑구
KP12961,5,1,평택RDC,인천광역시 부평구
KP12531,5,1,계룡RDC,대전광역시 대덕구
KH09906,5,1,평택RDC,충청남도 태안군
3021936,5,1,칠곡RDC,부산광역시 동래구
KH10525,5,1,평택RDC,경기도 남양주시
6856,5,1,칠곡RDC,경상남도 함안군
KH11283,5,1,계룡RDC,대전광역시 중구
KP12473,5,1,칠곡RDC,경상남도 함안군
7415,5,1,제천RDC,강원도 횡성군
KP11934,5,1,계룡RDC,충청북도 청주시 흥덕구
KP13833,5,1,평택RDC,경기도 성남시 분당구
KH11097,5,1,제천RDC,강원도 원주시
KH11098,5,1,제천RDC,강원도 강릉시
KH09701,5,1,계룡RDC,전라남도 나주시
KH01154,5,1,칠곡RDC,부산광역시 연제구
KP13431,5,1,칠곡RDC,경상북도 경주시
KH11318,5,1,제천RDC,경기도 이천시
KH11377,5,1,평택RDC,경기도 남양주시
KP13787,5,1,평택RDC,인천광역시 미추홀구
KH11293,5,1,계룡RDC,충청북도 옥천군
KH11188,5,1,제천RDC,강원도 인제군
KH10613,5,1,칠곡RDC,경상북도 영양군
KH11295,5,1,계룡RDC,대전광역시 중구
6108,4,1,계룡RDC,충청남도 공주시
KP11964,4,1,평택RDC,경기도 남양주시
3019611,4,1,칠곡RDC,경상남도 창원시 진해구
KH10830,4,1,칠곡RDC,대구광역시 달서구
KP12507,4,1,칠곡RDC,부산광역시 금정구
KH01181,4,1,계룡RDC,전라북도 전주시 덕진구
KH09995,4,1,칠곡RDC,경상남도 김해시
3013386,4,1,칠곡RDC,경상남도 진주시
3594,4,1,칠곡RDC,경상남도 진주시
KP12760,4,1,계룡RDC,광주광역시 서구
4469,4,1,계룡RDC,전라남도 순천시
KH10576,4,1,칠곡RDC,경상남도 거제시
KP12648,4,1,칠곡RDC,경상남도 창원시 마산합포구
KH09043,4,1,칠곡RDC,부산광역시 사상구
KH10979,4,1,평택RDC,경기도 수원시 권선구
KP13447,4,1,평택RDC,경기도 용인시 기흥구
KP13629,4,1,평택RDC,경기도 고양시 덕양구
5503,4,1,계룡RDC,충청남도 보령시
KH09563,4,1,칠곡RDC,경상남도 거제시
KP12736,4,1,평택RDC,충청남도 예산군
KH10980,4,1,평택RDC,경기도 안성시
KP13479,4,1,평택RDC,인천광역시 중구
KH09561,4,1,평택RDC,경기도 구리시
3020495,4,1,칠곡RDC,부산광역시 남구
KP12118,4,1,칠곡RDC,울산광역시 울주군
KH10745,4,1,칠곡RDC,부산광역시 강서구
KP12006,4,1,평택RDC,경기도 화성시
KP12550,4,1,계룡RDC,전라북도 완주군
5354,4,3,계룡RDC,전라북도 군산시 / 전라북도 부안군 / 전라북도 완주군
3015909,4,1,칠곡RDC,울산광역시 동구
KP12195,4,1,칠곡RDC,경상북도 구미시
KH08553,4,1,칠곡RDC,경상남도 김해시
KP12443,4,1,계룡RDC,대전광역시 서구
KP11880,4,1,칠곡RDC,부산광역시 부산진구
1203,4,1,칠곡RDC,경상남도 창원시 진해구
3015932,4,1,칠곡RDC,부산광역시 사상구
KH06156,4,1,평택RDC,서울특별시 송파구
KH00028,4,1,평택RDC,경기도 하남시
KH08202,4,1,칠곡RDC,부산광역시 금정구
KH10241,4,1,평택RDC,경기도 양주시
KH09608,4,1,계룡RDC,대전광역시 유성구
6952,4,1,평택RDC,강원도 철원군
KH10407,4,1,칠곡RDC,경상남도 양산시
104,4,1,제천RDC,충청북도 제천시
3022042,4,1,칠곡RDC,경상남도 양산시
1883,4,1,계룡RDC,전라남도 진도군
7402,4,1,평택RDC,경기도 평택시
KH10507,4,1,평택RDC,경기도 광주시
3021867,4,1,칠곡RDC,부산광역시 영도구
1072,4,1,칠곡RDC,경상북도 칠곡군
8451,4,1,칠곡RDC,경상북도 포항시 남구
KH11019,4,1,칠곡RDC,부산광역시 기장군
3008231,4,1,계룡RDC,전라남도 영광군
KP12221,4,1,계룡RDC,대전광역시 중구
KP13677,4,1,제천RDC,강원도 동해시
10610,4,2,계룡RDC / 제주RDC,광주광역시 광산구 / 제주특별자치도 제주시
KP13013,4,1,평택RDC,충청남도 천안시 서북구
KH11058,4,1,계룡RDC,광주광역시 북구
KH11323,4,1,평택RDC,경기도 광주시
KH11214,4,1,평택RDC,인천광역시 미추홀구
KH11375,4,1,평택RDC,인천광역시 남동구
KH11066,4,1,평택RDC,경기도 용인시 처인구
KH11376,4,1,평택RDC,서울특별시 강남구
KH11143,4,1,평택RDC,서울특별시 서초구
KP13462,4,1,계룡RDC,충청북도 청주시 흥덕구
KH10335,4,1,평택RDC,경기도 고양시 일산동구
KP13717,4,1,제천RDC,경기도 여주시
5104,4,1,계룡RDC,전라남도 목포시
KH11212,4,1,칠곡RDC,경상북도 구미시
KH11062,4,1,평택RDC,경기도 수원시 팔달구
5097,4,1,평택RDC,경기도 가평군
KH11250,4,1,평택RDC,경기도 고양시 덕양구
KH11313,4,1,계룡RDC,세종특별자치시 세종특별자치시
KP12429,4,1,계룡RDC,충청북도 청주시 흥덕구
KH09962,4,1,칠곡RDC,대구광역시 북구
KP13608,4,1,제천RDC,충청북도 충주시
KH10473,4,1,칠곡RDC,대구광역시 북구
KH10574,4,1,제천RDC,강원도 강릉시
KH01218,4,1,칠곡RDC,부산광역시 강서구
KH10371,4,1,계룡RDC,대전광역시 서구
KP12877,4,1,계룡RDC,충청북도 청주시 흥덕구
KH09726,4,1,평택RDC,경기도 성남시 분당구
3017595,4,1,계룡RDC,광주광역시 광산구
7834,3,1,칠곡RDC,경상북도 칠곡군
KP12800,3,1,칠곡RDC,부산광역시 부산진구
KH09652,3,1,칠곡RDC,경상남도 거제시
KH10533,3,1,칠곡RDC,경상남도 창원시 진해구
KP12209,3,1,제천RDC,강원도 평창군
KH01138,3,1,칠곡RDC,경상북도 구미시
KH10479,3,1,평택RDC,경기도 용인시 기흥구
KP13066,3,1,평택RDC,서울특별시 은평구
3006767,3,1,칠곡RDC,경상남도 거제시
3021871,3,1,칠곡RDC,부산광역시 사하구
KP11541,3,1,평택RDC,서울특별시 양천구
KH02301,3,1,칠곡RDC,부산광역시 사상구
KP12440,3,1,칠곡RDC,경상남도 창원시 마산합포구
3011556,3,1,계룡RDC,전라남도 순천시
KP12859,3,1,칠곡RDC,경상남도 거제시
KH02004,3,1,칠곡RDC,경상북도 포항시 북구
3021861,3,1,칠곡RDC,부산광역시 사하구
KH10797,3,1,칠곡RDC,대구광역시 북구
KH02143,3,1,계룡RDC,충청남도 공주시
3017225,3,1,칠곡RDC,경상남도 양산시
KH10522,3,1,평택RDC,서울특별시 중랑구
3020294,3,1,칠곡RDC,경상남도 창원시 진해구
10396,3,1,칠곡RDC,경상북도 안동시
3012448,3,1,칠곡RDC,경상북도 칠곡군
KH11001,3,1,칠곡RDC,경상남도 거제시
KH10742,3,1,평택RDC,인천광역시 서구
KH10316,3,1,칠곡RDC,울산광역시 중구
KP12119,3,1,칠곡RDC,울산광역시 울주군
KP12120,3,1,칠곡RDC,울산광역시 울주군
3020002,3,1,평택RDC,경기도 광명시
KP12401,3,1,평택RDC,서울특별시 종로구
KH10999,3,1,칠곡RDC,대구광역시 달성군
KH09655,3,1,칠곡RDC,경상남도 함안군
KP12489,3,1,제천RDC,강원도 강릉시
3022090,3,1,칠곡RDC,부산광역시 기장군
6450,3,1,평택RDC,경기도 용인시 처인구
3006608,3,1,칠곡RDC,경상남도 양산시
9583,3,1,평택RDC,경기도 화성시
3003965,3,1,칠곡RDC,부산광역시 북구
KP11818,3,1,칠곡RDC,부산광역시 금정구
3020454,3,1,칠곡RDC,부산광역시 수영구
KH09909,3,1,평택RDC,경기도 성남시 수정구
KP11396,3,1,칠곡RDC,대구광역시 달성군
KH10577,3,1,칠곡RDC,경상남도 산청군
KP12278,3,1,계룡RDC,전라남도 광양시
3020478,3,1,칠곡RDC,부산광역시 북구
KH10119,3,1,평택RDC,경기도 김포시
3004654,3,1,평택RDC,경기도 남양주시
KP12819,3,1,칠곡RDC,경상북도 안동시
KP13290,3,1,칠곡RDC,울산광역시 울주군
KH10010,3,1,칠곡RDC,부산광역시 사하구
KP13198,3,1,계룡RDC,충청북도 청주시 서원구
KP13681,3,1,계룡RDC,광주광역시 남구
3010879,3,1,평택RDC,경기도 성남시 분당구
KP12597,3,1,평택RDC,충청남도 천안시 서북구
KH11057,3,1,칠곡RDC,경상북도 경주시
KH11267,3,1,계룡RDC,광주광역시 서구
KH11207,3,1,계룡RDC,전라남도 장성군
KH01284,3,1,칠곡RDC,대구광역시 북구
KH11183,3,1,평택RDC,경기도 시흥시
KH11246,3,1,평택RDC,서울특별시 강북구
KH11373,3,1,평택RDC,서울특별시 중구
KP13156,3,1,계룡RDC,충청남도 아산시
KH11094,3,1,평택RDC,경기도 수원시 권선구
3015516,3,1,제천RDC,강원도 속초시
KH11255,3,1,평택RDC,충청남도 아산시
KH10090,3,1,칠곡RDC,울산광역시 울주군
KH11128,3,1,계룡RDC,전라남도 진도군
KP12413,3,1,평택RDC,경기도 화성시
4351,3,1,계룡RDC,전라남도 무안군
KH10708,3,1,칠곡RDC,경상남도 고성군
3020344,3,1,칠곡RDC,경상남도 남해군
KH05611,3,1,제천RDC,강원도 화천군
KH10684,3,1,제천RDC,충청북도 충주시
KP13770,3,1,평택RDC,인천광역시 중구
KP13738,3,1,평택RDC,경기도 남양주시
3016796,3,1,평택RDC,서울특별시 동작구
KH06945,3,1,평택RDC,경기도 화성시
KH01461,3,1,계룡RDC,대전광역시 유성구
KH11193,3,1,칠곡RDC,경상북도 봉화군
KH10089,3,1,평택RDC,경기도 수원시 권선구
KH11180,3,1,칠곡RDC,부산광역시 금정구
KH10569,3,1,제천RDC,경기도 이천시
7914,3,1,계룡RDC,광주광역시 광산구
KP12099,3,1,계룡RDC,대전광역시 대덕구
KP13780,3,1,칠곡RDC,경상북도 구미시
5994,3,1,칠곡RDC,부산광역시 부산진구
KH08001,2,1,평택RDC,서울특별시 서초구
KH09883,2,1,평택RDC,경기도 용인시 처인구
6845,2,1,평택RDC,경기도 시흥시
9712,2,1,칠곡RDC,대구광역시 달서구
KH10259,2,1,평택RDC,서울특별시 강서구
KH10258,2,1,평택RDC,서울특별시 강서구
9807,2,1,평택RDC,경기도 평택시
KP13612,2,1,평택RDC,경기도 하남시
KH10269,2,1,평택RDC,충청남도 아산시
9267,2,1,계룡RDC,전라남도 여수시
KP13184,2,1,칠곡RDC,경상북도 문경시
3007481,2,1,칠곡RDC,경상남도 통영시
KH01994,2,1,평택RDC,경기도 고양시 일산서구
5890,2,1,평택RDC,충청남도 서산시
KP12678,2,1,평택RDC,경기도 화성시
KH08012,2,1,칠곡RDC,경상남도 창원시 마산회원구
KH10677,2,1,칠곡RDC,부산광역시 사상구
545,2,1,평택RDC,서울특별시 성북구
3021931,2,1,칠곡RDC,부산광역시 남구
KP11299,2,1,평택RDC,충청남도 서산시
3021930,2,1,칠곡RDC,부산광역시 남구
KH10247,2,1,계룡RDC,광주광역시 북구
3009401,2,1,칠곡RDC,경상남도 김해시
9609,2,1,계룡RDC,전라북도 군산시
KH10130,2,1,칠곡RDC,대구광역시 수성구
2977,2,1,계룡RDC,전라북도 익산시
3020347,2,1,칠곡RDC,경상남도 진주시
10619,2,1,칠곡RDC,경상남도 진주시
KH09639,2,1,평택RDC,충청북도 음성군
KH08630,2,1,평택RDC,경기도 포천시
10350,2,1,평택RDC,서울특별시 강남구
KH10810,2,1,평택RDC,경기도 용인시 기흥구
3010517,2,1,칠곡RDC,경상남도 진주시
KH10630,2,1,평택RDC,경기도 평택시
3010397,2,1,칠곡RDC,경상남도 진주시
KH09919,2,1,평택RDC,서울특별시 강서구
KH02097,2,1,평택RDC,충청남도 당진시
KP12508,2,1,칠곡RDC,부산광역시 금정구
10210,2,1,계룡RDC,전라북도 군산시
KP12121,2,1,칠곡RDC,울산광역시 울주군
KP12177,2,1,평택RDC,경기도 고양시 덕양구
6514,2,1,칠곡RDC,울산광역시 남구
KH00557,2,1,칠곡RDC,부산광역시 강서구
KH10096,2,1,칠곡RDC,울산광역시 남구
KH11011,2,1,칠곡RDC,부산광역시 부산진구
KH01983,2,1,칠곡RDC,경상남도 진주시
KH10791,2,1,칠곡RDC,경상북도 안동시
3001049,2,1,칠곡RDC,경상북도 포항시 남구
KP12087,2,1,칠곡RDC,부산광역시 사하구
3012153,2,1,평택RDC,인천광역시 중구
KP13247,2,1,제천RDC,경기도 여주시
KP11666,2,1,제천RDC,강원도 정선군
10310,2,1,평택RDC,경기도 고양시 덕양구
KH11016,2,1,평택RDC,경기도 성남시 중원구
9564,2,1,제천RDC,강원도 강릉시
KP13041,2,1,제천RDC,강원도 춘천시
KH11007,2,1,칠곡RDC,부산광역시 기장군
KH11006,2,1,제천RDC,경상북도 영주시
KH10239,2,1,평택RDC,경기도 시흥시
KP13402,2,1,평택RDC,충청남도 천안시 동남구
KH09635,2,1,계룡RDC,충청남도 부여군
6253,2,1,칠곡RDC,경상남도 창원시 마산합포구
KH09834,2,1,평택RDC,충청남도 천안시 동남구
8963,2,1,평택RDC,경기도 연천군
9651,2,1,평택RDC,경기도 오산시
KH11113,2,1,칠곡RDC,경상남도 김해시
KH11167,2,1,칠곡RDC,경상남도 양산시
KH11099,2,1,평택RDC,서울특별시 영등포구
KH11114,2,1,칠곡RDC,경상남도 진주시
KH11110,2,1,칠곡RDC,부산광역시 사상구
KH01153,2,1,칠곡RDC,부산광역시 사상구
KH09537,2,1,칠곡RDC,부산광역시 기장군
5174,2,1,평택RDC,경기도 포천시
KH11152,2,1,평택RDC,경기도 광명시
KH11147,2,1,계룡RDC,광주광역시 북구
KH09913,2,1,평택RDC,경기도 김포시
KH11162,2,1,칠곡RDC,부산광역시 사상구
KH02013,2,1,계룡RDC,대전광역시 대덕구
KH11151,2,1,칠곡RDC,울산광역시 북구
3006564,2,1,칠곡RDC,경상남도 김해시
KH11039,2,1,칠곡RDC,경상남도 밀양시
3020476,2,1,칠곡RDC,부산광역시 기장군
KP12555,2,1,계룡RDC,전라북도 진안군
1219,2,1,칠곡RDC,경상남도 창원시 의창구
KP13603,2,1,평택RDC,인천광역시 미추홀구
KH11211,2,1,칠곡RDC,경상북도 구미시
KH11008,2,1,계룡RDC,광주광역시 광산구
KH06934,2,1,계룡RDC,전라북도 전주시 완산구
KH09752,2,1,칠곡RDC,부산광역시 금정구
KH11361,2,1,칠곡RDC,경상남도 창원시 의창구
KH11365,2,1,제주RDC,제주특별자치도 서귀포시
KH11366,2,1,제주RDC,제주특별자치도 서귀포시
KH11329,2,1,평택RDC,경기도 시흥시
KP13639,2,1,제천RDC,강원도 속초시
KH09795,2,1,계룡RDC,전라북도 전주시 덕진구
716,2,1,평택RDC,경기도 안산시 단원구
KH09872,2,1,평택RDC,인천광역시 부평구
KH11371,2,1,평택RDC,경기도 김포시
KH01814,2,1,계룡RDC,전라남도 화순군
KH01995,2,1,평택RDC,경기도 파주시
KH11342,2,1,칠곡RDC,경상북도 경산시
KH11343,2,1,칠곡RDC,경상북도 경산시
KH10256,2,1,칠곡RDC,부산광역시 강서구
8164,2,1,계룡RDC,충청북도 청주시 서원구
3006922,2,1,칠곡RDC,경상남도 진주시
5980,2,1,평택RDC,충청남도 예산군
3021865,2,1,칠곡RDC,경상남도 창원시 마산회원구
KP13129,2,1,계룡RDC,충청남도 논산시
KH11390,2,1,제천RDC,강원도 평창군
KH11387,2,1,평택RDC,충청남도 천안시 동남구
KH11367,2,1,제주RDC,제주특별자치도 제주시
KH09975,2,1,평택RDC,경기도 고양시 일산서구
10524,2,1,평택RDC,경기도 화성시
KP12194,2,1,칠곡RDC,부산광역시 강서구
KP13252,2,1,계룡RDC,충청북도 옥천군
KP11517,2,1,계룡RDC,충청남도 서천군
3014242,2,1,평택RDC,서울특별시 강북구
KP12045,2,1,평택RDC,경기도 용인시 기흥구
KH10023,2,1,평택RDC,서울특별시 성동구
KH08403,2,1,평택RDC,경기도 용인시 처인구
KH10678,2,1,제천RDC,강원도 영월군
3010114,2,1,계룡RDC,전라남도 해남군
KH10042,2,1,제천RDC,충청북도 충주시
KH11051,2,1,평택RDC,충청북도 음성군
KH10435,2,1,평택RDC,충청남도 천안시 서북구
3016892,1,1,칠곡RDC,경상북도 포항시 남구
KP12620,1,1,계룡RDC,충청북도 청주시 상당구
KH02080,1,1,칠곡RDC,대구광역시 수성구
KP12449,1,1,칠곡RDC,부산광역시 강서구
KH01106,1,1,제천RDC,강원도 속초시
3013746,1,1,칠곡RDC,부산광역시 강서구
KP11402,1,1,칠곡RDC,울산광역시 동구
KP12011,1,1,평택RDC,경기도 성남시 수정구
KP11207,1,1,평택RDC,경기도 남양주시
KH10085,1,1,계룡RDC,광주광역시 광산구
KH10982,1,1,칠곡RDC,경상북도 성주군
KH00493,1,1,칠곡RDC,부산광역시 연제구
KH10014,1,1,칠곡RDC,경상남도 함안군
KP11401,1,1,평택RDC,경기도 시흥시
7829,1,1,칠곡RDC,부산광역시 사상구
KH02020,1,1,평택RDC,서울특별시 마포구
KH08526,1,1,평택RDC,서울특별시 동대문구
KH10948,1,1,칠곡RDC,경상북도 의성군
KH10572,1,1,제주RDC,제주특별자치도 제주시
KP12181,1,1,계룡RDC,전라남도 광양시
KH02120,1,1,칠곡RDC,경상남도 창녕군
313,1,1,평택RDC,서울특별시 송파구
KP12708,1,1,평택RDC,경기도 남양주시
1766,1,1,계룡RDC,전라남도 여수시
KH01991,1,1,계룡RDC,충청북도 청주시 서원구
KH08350,1,1,칠곡RDC,경상남도 거제시
KP12170,1,1,계룡RDC,전라남도 순천시
KH10710,1,1,칠곡RDC,부산광역시 강서구
10317,1,1,평택RDC,서울특별시 서초구
KP12611,1,1,칠곡RDC,경상남도 진주시
KH09634,1,1,칠곡RDC,부산광역시 사하구
KH00904,1,1,칠곡RDC,경상남도 창원시 마산합포구
KP11705,1,1,평택RDC,경기도 화성시
3018470,1,1,칠곡RDC,경상북도 울진군
KP12460,1,1,계룡RDC,세종특별자치시 세종특별자치시
KH10814,1,1,제천RDC,경기도 이천시
10355,1,1,평택RDC,서울특별시 송파구
KH07473,1,1,평택RDC,경기도 화성시
1750,1,1,계룡RDC,전라남도 보성군
3022172,1,1,칠곡RDC,경상남도 김해시
KH00336,1,1,제천RDC,강원도 영월군
KH09687,1,1,칠곡RDC,경상남도 거창군
KH02007,1,1,계룡RDC,전라북도 전주시 덕진구
3001644,1,1,칠곡RDC,경상북도 포항시 남구
KP11665,1,1,계룡RDC,전라남도 광양시
K011509,1,1,칠곡RDC,경상남도 함양군
KP12991,1,1,칠곡RDC,경상북도 경산시
KH00876,1,1,칠곡RDC,경상북도 포항시 남구
KH10058,1,1,평택RDC,경기도 남양주시
KP13366,1,1,평택RDC,경기도 화성시
KP13059,1,1,칠곡RDC,대구광역시 서구
3021915,1,1,칠곡RDC,부산광역시 연제구
KP13448,1,1,칠곡RDC,대구광역시 달성군
KP11806,1,1,칠곡RDC,부산광역시 사하구
3010957,1,1,칠곡RDC,경상남도 함안군
KH02203,1,1,제천RDC,강원도 강릉시
3007852,1,1,칠곡RDC,경상남도 밀양시
KP12037,1,1,칠곡RDC,부산광역시 사하구
3020345,1,1,칠곡RDC,경상남도 남해군
KH10261,1,1,평택RDC,서울특별시 구로구
KP13159,1,1,계룡RDC,전라북도 김제시
3021933,1,1,칠곡RDC,부산광역시 수영구
9067,1,1,계룡RDC,광주광역시 광산구
KH11022,1,1,계룡RDC,전라북도 김제시
KP13255,1,1,평택RDC,경기도 화성시
KH11026,1,1,평택RDC,충청남도 천안시 동남구
KH00798,1,1,평택RDC,서울특별시 양천구
KP12820,1,1,계룡RDC,전라북도 익산시
KH07283,1,1,계룡RDC,전라북도 전주시 덕진구
KH11027,1,1,칠곡RDC,부산광역시 기장군
KH11010,1,1,칠곡RDC,부산광역시 사상구
10546,1,1,칠곡RDC,경상남도 함안군
KH10922,1,1,칠곡RDC,경상북도 영양군
KP11679,1,1,계룡RDC,충청북도 청주시 서원구
3011398,1,1,계룡RDC,전라남도 진도군
KP12703,1,1,제천RDC,강원도 평창군
KH05566,1,1,계룡RDC,충청북도 청주시 상당구
3018866,1,1,제천RDC,강원도 원주시
10626,1,1,칠곡RDC,경상북도 포항시 남구
KH11100,1,1,평택RDC,인천광역시 계양구
KH11095,1,1,평택RDC,경기도 용인시 기흥구
KP12876,1,1,평택RDC,인천광역시 동구
KH11105,1,1,계룡RDC,충청북도 청주시 흥덕구
3007631,1,1,제천RDC,충청북도 제천시
KH11102,1,1,평택RDC,경기도 양주시
KH11115,1,1,제주RDC,제주특별자치도 제주시
KH11106,1,1,계룡RDC,광주광역시 북구
KH11311,1,1,칠곡RDC,부산광역시 사상구
KH01285,1,1,제주RDC,제주특별자치도 제주시
KH11340,1,1,제천RDC,강원도 삼척시
KH11112,1,1,칠곡RDC,울산광역시 북구
KH11148,1,1,계룡RDC,전라북도 전주시 덕진구
KP12861,1,1,칠곡RDC,경상남도 창원시 진해구
KH11155,1,1,제천RDC,강원도 원주시
KH11164,1,1,칠곡RDC,경상남도 진주시
KP13098,1,1,제천RDC,경기도 이천시
KH11165,1,1,제주RDC,제주특별자치도 제주시
KH11144,1,1,평택RDC,서울특별시 영등포구
KH10808,1,1,계룡RDC,충청북도 청주시 흥덕구
KH02008,1,1,칠곡RDC,부산광역시 사상구
KP13656,1,1,계룡RDC,광주광역시 광산구
KH11028,1,1,제주RDC,제주특별자치도 제주시
KP11340,1,1,칠곡RDC,울산광역시 울주군
3010013,1,1,계룡RDC,전라남도 영암군
KH09882,1,1,평택RDC,충청남도 서산시
KH11315,1,1,칠곡RDC,경상남도 사천시
KH08124,1,1,평택RDC,경기도 성남시 분당구
KH05645,1,1,평택RDC,경기도 남양주시
3013918,1,1,평택RDC,서울특별시 양천구
KP13440,1,1,평택RDC,서울특별시 서초구
3019811,1,1,칠곡RDC,경상남도 창원시 마산회원구
3007987,1,1,칠곡RDC,경상남도 사천시
KH02414,1,1,계룡RDC,대전광역시 대덕구
3013100,1,1,칠곡RDC,경상남도 양산시
3016886,1,1,칠곡RDC,경상남도 양산시
KH09832,1,1,계룡RDC,전라남도 담양군
KP13688,1,1,계룡RDC,충청남도 서천군
KH10565,1,1,계룡RDC,세종특별자치시 세종특별자치시
KH09684,1,1,평택RDC,경기도 포천시
3020316,1,1,평택RDC,경기도 성남시 분당구
KH09792,1,1,계룡RDC,전라남도 목포시
KH11281,1,1,제천RDC,강원도 동해시
7404,1,1,칠곡RDC,부산광역시 강서구
KP11223,1,1,계룡RDC,광주광역시 서구
KP13439,1,1,계룡RDC,충청북도 청주시 흥덕구
KP13682,1,1,평택RDC,경기도 화성시
KH09241,1,1,제천RDC,강원도 평창군
KH01981,1,1,칠곡RDC,경상남도 창원시 마산합포구
7890,1,1,평택RDC,경기도 용인시 처인구
3013974,1,1,평택RDC,서울특별시 구로구
KP12888,1,1,평택RDC,충청남도 당진시
KH10046,1,1,평택RDC,서울특별시 성동구
KP11058,1,1,평택RDC,충청북도 진천군
KH01980,1,1,평택RDC,서울특별시 용산구
KP12476,1,1,평택RDC,경기도 광주시
KP13024,1,1,평택RDC,충청북도 진천군
KH11262,1,1,평택RDC,경기도 포천시
KH09654,1,1,칠곡RDC,경상남도 거제시
1689,1,1,계룡RDC,전라남도 담양군
KH01452,1,1,칠곡RDC,대구광역시 서구
KH01267,1,1,계룡RDC,전라남도 고흥군
3014486,1,1,계룡RDC,충청북도 청주시 청원구
KH11381,1,1,평택RDC,경기도 평택시
3756,1,1,계룡RDC,전라북도 완주군
5773,1,1,칠곡RDC,경상북도 경산시
KP13827,1,1,평택RDC,경기도 남양주시
KH02306,1,1,칠곡RDC,경상남도 창원시 마산회원구
KH09755,1,1,평택RDC,충청남도 예산군
KH11394,1,1,칠곡RDC,부산광역시 영도구
KH11149,1,1,칠곡RDC,대구광역시 북구
9139,1,1,평택RDC,인천광역시 남동구
10308,1,1,평택RDC,서울특별시 양천구
3006874,1,1,칠곡RDC,경상남도 밀양시
KH11163,1,1,칠곡RDC,경상남도 김해시
KP11471,1,1,제천RDC,강원도 강릉시
KH10792,1,1,평택RDC,경기도 수원시 영통구
10353,1,1,평택RDC,서울특별시 송파구
KH08545,1,1,평택RDC,경기도 동두천시
KP13433,1,1,계룡RDC,세종특별자치시 세종특별자치시
KH09841,1,1,제천RDC,강원도 화천군
KH09916,1,1,칠곡RDC,경상북도 고령군
4987,1,1,평택RDC,충청남도 당진시
KH11279,1,1,평택RDC,경기도 고양시 일산서구
KP12934,1,1,칠곡RDC,부산광역시 기장군
KH11312,1,1,제천RDC,강원도 횡성군
3014692,1,1,칠곡RDC,경상남도 통영시
9332,1,1,계룡RDC,대전광역시 서구
KH11258,1,1,제천RDC,강원도 강릉시
KP13185,1,1,칠곡RDC,경상남도 창녕군
KP13857,1,1,계룡RDC,광주광역시 광산구
KH11184,1,1,계룡RDC,전라북도 전주시 덕진구
KP11608,1,1,칠곡RDC,대구광역시 북구
,1,1,, 
