rdc_code,rdc_name,sub_region_code,sigungu_name,duration_min,distance_km,duration_rank,distance_rank
11RC,계룡RDC,GWO_GR,강원도 강릉시,227.4,295.4,3,3
11RC,계룡RDC,GWO_GS,강원도 고성군,288.5,360.4,3,3
11RC,계룡RDC,GWO_DH,강원도 동해시,252.1,330.8,4,4
11RC,계룡RDC,GWO_SC,강원도 삼척시,253.8,308.3,4,4
11RC,계룡RDC,GWO_SC2,강원도 속초시,263.0,331.7,3,3
11RC,계룡RDC,GWO_O,강원도 양구군,226.8,291.3,3,3
11RC,계룡RDC,GWO_OO,강원도 양양군,245.0,315.6,3,3
11RC,계룡RDC,GWO_OO2,강원도 영월군,159.8,200.2,3,3
11RC,계룡RDC,GWO_OJ,강원도 원주시,138.0,179.6,3,3
11RC,계룡RDC,GWO_OJ2,강원도 인제군,223.0,279.7,3,3
11RC,계룡RDC,GWO_JS,강원도 정선군,199.9,236.3,3,4
11RC,계룡RDC,GWO_CO,강원도 철원군,194.1,250.9,3,3
11RC,계룡RDC,GWO_CC,강원도 춘천시,189.5,249.7,3,3
11RC,계룡RDC,GWO_TB,강원도 태백시,207.2,263.8,4,5
11RC,계룡RDC,GWO_PC,강원도 평창군,182.6,218.8,3,3
11RC,계룡RDC,GWO_HC,강원도 홍천군,173.7,227.7,3,3
11RC,계룡RDC,GWO_HC2,강원도 화천군,217.4,280.5,3,3
11RC,계룡RDC,GWO_HS,강원도 횡성군,148.6,195.2,3,3
11RC,계룡RDC,GGI_GP,경기도 가평군,171.7,221.6,3,3
11RC,계룡RDC,GGI_GODO,경기도 고양시 덕양구,151.3,187.8,3,3
11RC,계룡RDC,GGI_GOOSD,경기도 고양시 일산동구,154.3,191.8,3,3
11RC,계룡RDC,GGI_GOOSS,경기도 고양시 일산서구,158.0,196.2,3,3
11RC,계룡RDC,GGI_GC,경기도 과천시,125.0,163.1,3,3
11RC,계룡RDC,GGI_GM,경기도 광명시,134.8,172.2,3,3
11RC,계룡RDC,GGI_GJ,경기도 광주시,115.2,157.8,3,3
11RC,계룡RDC,GGI_GR,경기도 구리시,132.2,179.8,3,3
11RC,계룡RDC,GGI_GP2,경기도 군포시,122.6,148.9,3,3
11RC,계룡RDC,GGI_GP3,경기도 김포시,155.2,193.2,3,3
11RC,계룡RDC,GGI_NOJ,경기도 남양주시,137.8,183.7,3,3
11RC,계룡RDC,GGI_DDC,경기도 동두천시,165.7,216.3,3,3
11RC,계룡RDC,GGI_BCSS,경기도 부천시 소사구,139.6,170.8,3,3
11RC,계룡RDC,GGI_BCOJ,경기도 부천시 오정구,147.4,181.7,3,3
11RC,계룡RDC,GGI_BCOM,경기도 부천시 원미구,141.8,172.6,3,3
11RC,계룡RDC,GGI_SNBD,경기도 성남시 분당구,114.6,147.5,3,3
11RC,계룡RDC,GGI_SNSJ,경기도 성남시 수정구,119.8,154.8,3,3
11RC,계룡RDC,GGI_SNJO,경기도 성남시 중원구,116.8,152.0,3,3
11RC,계룡RDC,GGI_SOGS,경기도 수원시 권선구,110.9,136.7,3,2
11RC,계룡RDC,GGI_SOOT,경기도 수원시 영통구,107.5,133.2,3,3
11RC,계룡RDC,GGI_SOJO,경기도 수원시 장안구,111.5,138.0,3,3
11RC,계룡RDC,GGI_SOPD,경기도 수원시 팔달구,110.2,135.8,3,3
11RC,계룡RDC,GGI_SH,경기도 시흥시,131.7,163.1,3,3
11RC,계룡RDC,GGI_OSDO,경기도 안산시 단원구,125.7,153.0,3,3
11RC,계룡RDC,GGI_OSSR,경기도 안산시 상록구,122.6,149.2,3,3
11RC,계룡RDC,GGI_OS,경기도 안성시,92.0,103.4,3,3
11RC,계룡RDC,GGI_OODO,경기도 안양시 동안구,122.5,149.9,3,3
11RC,계룡RDC,GGI_OOMO,경기도 안양시 만안구,123.9,149.9,3,3
11RC,계룡RDC,GGI_OJ,경기도 양주시,150.8,202.5,3,3
11RC,계룡RDC,GGI_OP,경기도 양평군,132.9,164.3,3,3
11RC,계룡RDC,GGI_OJ2,경기도 여주시,116.3,149.1,3,3
11RC,계룡RDC,GGI_OC,경기도 연천군,189.9,240.7,3,3
11RC,계룡RDC,GGI_OS2,경기도 오산시,92.3,118.1,2,2
11RC,계룡RDC,GGI_OOGH,경기도 용인시 기흥구,106.5,133.7,3,3
11RC,계룡RDC,GGI_OOSJ,경기도 용인시 수지구,109.9,137.9,3,3
11RC,계룡RDC,GGI_OOCO,경기도 용인시 처인구,107.5,135.3,3,3
11RC,계룡RDC,GGI_OO,경기도 의왕시,117.8,144.4,3,3
11RC,계룡RDC,GGI_OJB,경기도 의정부시,144.0,196.2,3,3
11RC,계룡RDC,GGI_OC2,경기도 이천시,103.7,133.5,3,3
11RC,계룡RDC,GGI_PJ,경기도 파주시,160.7,203.3,3,3
11RC,계룡RDC,GGI_PT,경기도 평택시,84.2,103.1,2,2
11RC,계룡RDC,GGI_PC,경기도 포천시,164.1,219.9,3,3
11RC,계룡RDC,GGI_HN,경기도 하남시,122.8,168.1,3,3
11RC,계룡RDC,GGI_HS,경기도 화성시,114.9,137.6,2,2
11RC,계룡RDC,GSN_GJ,경상남도 거제시,193.2,247.8,3,3
11RC,계룡RDC,GSN_GC,경상남도 거창군,106.2,118.5,3,3
11RC,계룡RDC,GSN_GS,경상남도 고성군,163.7,212.0,3,3
11RC,계룡RDC,GSN_GH,경상남도 김해시,200.2,258.5,3,3
11RC,계룡RDC,GSN_NH,경상남도 남해군,172.3,220.4,3,3
11RC,계룡RDC,GSN_MO,경상남도 밀양시,170.3,224.5,3,3
11RC,계룡RDC,GSN_SC,경상남도 사천시,153.5,195.2,3,3
11RC,계룡RDC,GSN_SC2,경상남도 산청군,109.8,139.4,3,3
11RC,계룡RDC,GSN_OS,경상남도 양산시,198.0,263.5,3,3
11RC,계룡RDC,GSN_OR,경상남도 의령군,150.7,191.9,3,3
11RC,계룡RDC,GSN_JJ,경상남도 진주시,142.6,178.3,3,3
11RC,계룡RDC,GSN_CN,경상남도 창녕군,149.0,183.6,3,3
11RC,계룡RDC,GSN_COMSHP,경상남도 창원시 마산합포구,179.2,234.7,3,3
11RC,계룡RDC,GSN_COMSHO,경상남도 창원시 마산회원구,181.0,226.9,3,3
11RC,계룡RDC,GSN_COSS,경상남도 창원시 성산구,190.4,247.6,3,3
11RC,계룡RDC,GSN_COOC,경상남도 창원시 의창구,184.6,226.6,3,3
11RC,계룡RDC,GSN_COJH,경상남도 창원시 진해구,192.5,250.7,3,3
11RC,계룡RDC,GSN_TO,경상남도 통영시,174.8,228.0,3,3
11RC,계룡RDC,GSN_HD,경상남도 하동군,148.7,180.0,3,3
11RC,계룡RDC,GSN_HO,경상남도 함안군,167.9,210.4,3,3
11RC,계룡RDC,GSN_HO2,경상남도 함양군,102.2,126.5,3,3
11RC,계룡RDC,GSN_HC,경상남도 합천군,142.4,154.8,3,3
11RC,계룡RDC,GSB_GS,경상북도 경산시,144.8,185.9,3,3
11RC,계룡RDC,GSB_GJ,경상북도 경주시,183.3,235.6,4,4
11RC,계룡RDC,GSB_GR,경상북도 고령군,129.9,154.0,3,3
11RC,계룡RDC,GSB_GM,경상북도 구미시,98.5,121.1,3,3
11RC,계룡RDC,GSB_GC,경상북도 김천시,79.7,99.1,3,3
11RC,계룡RDC,GSB_MG,경상북도 문경시,111.5,129.2,5,4
11RC,계룡RDC,GSB_BH,경상북도 봉화군,172.4,198.4,5,5
11RC,계룡RDC,GSB_SJ,경상북도 상주시,90.8,106.4,3,3
11RC,계룡RDC,GSB_SJ2,경상북도 성주군,113.5,135.9,3,3
11RC,계룡RDC,GSB_OD,경상북도 안동시,143.0,168.3,4,4
11RC,계룡RDC,GSB_OD2,경상북도 영덕군,181.7,225.8,4,4
11RC,계룡RDC,GSB_OO,경상북도 영양군,179.2,216.4,4,4
11RC,계룡RDC,GSB_OJ,경상북도 영주시,155.2,181.9,5,5
11RC,계룡RDC,GSB_OC,경상북도 영천시,158.7,193.3,4,4
11RC,계룡RDC,GSB_OC2,경상북도 예천군,133.9,154.0,5,5
11RC,계룡RDC,GSB_OR,경상북도 울릉군,401.9,449.4,5,5
11RC,계룡RDC,GSB_OJ2,경상북도 울진군,246.0,295.2,5,5
11RC,계룡RDC,GSB_OS,경상북도 의성군,132.3,160.8,4,4
11RC,계룡RDC,GSB_CD,경상북도 청도군,156.3,204.5,3,3
11RC,계룡RDC,GSB_CS,경상북도 청송군,152.0,188.0,4,4
11RC,계룡RDC,GSB_CG,경상북도 칠곡군,109.5,129.4,3,3
11RC,계룡RDC,GSB_PHN,경상북도 포항시 남구,186.5,235.3,4,4
11RC,계룡RDC,GSB_PHB,경상북도 포항시 북구,187.6,233.9,4,4
11RC,계룡RDC,GWJ_GS,광주광역시 광산구,117.5,148.1,1,1
11RC,계룡RDC,GWJ_N,광주광역시 남구,121.0,152.1,1,1
11RC,계룡RDC,GWJ_D,광주광역시 동구,121.7,153.0,1,1
11RC,계룡RDC,GWJ_B,광주광역시 북구,116.9,148.8,1,1
11RC,계룡RDC,GWJ_S,광주광역시 서구,119.0,149.9,1,1
11RC,계룡RDC,DAE_GO,대구광역시 군위군,128.9,152.8,4,4
11RC,계룡RDC,DAE_N,대구광역시 남구,132.8,167.4,3,3
11RC,계룡RDC,DAE_DS,대구광역시 달서구,129.3,164.4,3,3
11RC,계룡RDC,DAE_DS2,대구광역시 달성군,136.4,174.8,3,3
11RC,계룡RDC,DAE_D,대구광역시 동구,132.1,168.8,3,3
11RC,계룡RDC,DAE_B,대구광역시 북구,128.5,162.7,3,3
11RC,계룡RDC,DAE_S,대구광역시 서구,126.2,161.3,3,3
11RC,계룡RDC,DAE_SS,대구광역시 수성구,133.9,171.2,3,3
11RC,계룡RDC,DAE_J,대구광역시 중구,130.3,165.0,3,3
11RC,계룡RDC,DJN_DD,대전광역시 대덕구,20.0,19.2,1,1
11RC,계룡RDC,DJN_D,대전광역시 동구,21.6,21.8,1,1
11RC,계룡RDC,DJN_S,대전광역시 서구,19.7,18.6,1,1
11RC,계룡RDC,DJN_OS,대전광역시 유성구,19.5,17.4,1,1
11RC,계룡RDC,DJN_J,대전광역시 중구,17.3,17.6,1,1
11RC,계룡RDC,BUS_GS,부산광역시 강서구,197.6,263.6,3,3
11RC,계룡RDC,BUS_GJ,부산광역시 금정구,204.1,273.0,3,3
11RC,계룡RDC,BUS_GJ2,부산광역시 기장군,216.1,283.9,3,3
11RC,계룡RDC,BUS_N,부산광역시 남구,209.4,278.4,3,3
11RC,계룡RDC,BUS_D,부산광역시 동구,205.8,275.8,3,3
11RC,계룡RDC,BUS_DR,부산광역시 동래구,205.4,272.8,3,3
11RC,계룡RDC,BUS_BSJ,부산광역시 부산진구,205.2,273.1,3,3
11RC,계룡RDC,BUS_B,부산광역시 북구,200.5,266.3,3,3
11RC,계룡RDC,BUS_SS,부산광역시 사상구,202.2,270.5,3,3
11RC,계룡RDC,BUS_SH,부산광역시 사하구,207.1,275.7,3,3
11RC,계룡RDC,BUS_S,부산광역시 서구,210.2,280.0,3,3
11RC,계룡RDC,BUS_SO,부산광역시 수영구,212.8,281.4,3,3
11RC,계룡RDC,BUS_OJ,부산광역시 연제구,207.9,275.7,3,3
11RC,계룡RDC,BUS_OD,부산광역시 영도구,214.4,282.9,3,3
11RC,계룡RDC,BUS_J,부산광역시 중구,209.1,278.2,3,3
11RC,계룡RDC,BUS_HOD,부산광역시 해운대구,215.7,282.6,3,3
11RC,계룡RDC,SEO_GN,서울특별시 강남구,124.8,162.0,3,3
11RC,계룡RDC,SEO_GD,서울특별시 강동구,127.6,164.7,3,3
11RC,계룡RDC,SEO_GB,서울특별시 강북구,138.2,175.3,3,3
11RC,계룡RDC,SEO_GS,서울특별시 강서구,141.5,180.0,3,3
11RC,계룡RDC,SEO_GO,서울특별시 관악구,127.4,164.7,3,3
11RC,계룡RDC,SEO_GJ,서울특별시 광진구,128.9,164.3,3,3
11RC,계룡RDC,SEO_GR,서울특별시 구로구,134.2,171.5,3,3
11RC,계룡RDC,SEO_GC,서울특별시 금천구,132.2,168.5,3,3
11RC,계룡RDC,SEO_NO,서울특별시 노원구,140.5,178.7,3,3
11RC,계룡RDC,SEO_DB,서울특별시 도봉구,142.1,179.1,3,3
11RC,계룡RDC,SEO_DDM,서울특별시 동대문구,131.5,167.9,3,3
11RC,계룡RDC,SEO_DJ,서울특별시 동작구,128.8,166.8,3,3
11RC,계룡RDC,SEO_MP,서울특별시 마포구,137.6,174.2,3,3
11RC,계룡RDC,SEO_SDM,서울특별시 서대문구,136.6,173.9,3,3
11RC,계룡RDC,SEO_SC,서울특별시 서초구,120.1,157.4,3,3
11RC,계룡RDC,SEO_SD,서울특별시 성동구,129.9,166.7,3,3
11RC,계룡RDC,SEO_SB,서울특별시 성북구,132.3,169.6,3,3
11RC,계룡RDC,SEO_SP,서울특별시 송파구,126.3,161.5,3,3
11RC,계룡RDC,SEO_OC,서울특별시 양천구,137.3,175.2,3,3
11RC,계룡RDC,SEO_ODP,서울특별시 영등포구,135.5,172.3,3,3
11RC,계룡RDC,SEO_OS,서울특별시 용산구,127.3,164.7,3,3
11RC,계룡RDC,SEO_OP,서울특별시 은평구,138.3,175.2,3,3
11RC,계룡RDC,SEO_JR,서울특별시 종로구,131.5,168.6,3,3
11RC,계룡RDC,SEO_J,서울특별시 중구,129.9,167.5,3,3
11RC,계룡RDC,SEO_JR2,서울특별시 중랑구,135.5,183.0,3,3
11RC,계룡RDC,SEJ_SJ,세종특별자치시 세종특별자치시,30.3,31.9,1,1
11RC,계룡RDC,ULS_N,울산광역시 남구,214.1,277.2,3,4
11RC,계룡RDC,ULS_D,울산광역시 동구,219.0,275.4,4,4
11RC,계룡RDC,ULS_B,울산광역시 북구,209.7,262.5,4,4
11RC,계룡RDC,ULS_OJ,울산광역시 울주군,203.3,265.9,3,4
11RC,계룡RDC,ULS_J,울산광역시 중구,211.3,264.0,4,4
11RC,계룡RDC,ICN_GH,인천광역시 강화군,177.4,218.0,3,3
11RC,계룡RDC,ICN_GO,인천광역시 계양구,146.0,182.0,3,3
11RC,계룡RDC,ICN_ND,인천광역시 남동구,139.0,169.7,3,3
11RC,계룡RDC,ICN_D,인천광역시 동구,147.9,179.4,3,3
11RC,계룡RDC,ICN_MCH,인천광역시 미추홀구,146.2,178.2,3,3
11RC,계룡RDC,ICN_BP,인천광역시 부평구,143.6,178.4,3,3
11RC,계룡RDC,ICN_S,인천광역시 서구,152.4,188.6,3,3
11RC,계룡RDC,ICN_OS,인천광역시 연수구,141.2,171.2,3,3
11RC,계룡RDC,ICN_J,인천광역시 중구,147.8,181.0,3,3
11RC,계룡RDC,JLN_GJ,전라남도 강진군,175.2,215.0,1,1
11RC,계룡RDC,JLN_GH,전라남도 고흥군,183.4,232.5,1,2
11RC,계룡RDC,JLN_GO,전라남도 광양시,146.9,185.1,2,3
11RC,계룡RDC,JLN_GR,전라남도 구례군,116.3,145.9,1,2
11RC,계룡RDC,JLN_NJ,전라남도 나주시,132.7,166.7,1,1
11RC,계룡RDC,JLN_DO,전라남도 담양군,112.7,135.5,1,2
11RC,계룡RDC,JLN_MP,전라남도 목포시,158.0,214.1,1,1
11RC,계룡RDC,JLN_MO,전라남도 무안군,139.7,187.9,1,1
11RC,계룡RDC,JLN_BS,전라남도 보성군,167.8,208.5,1,2
11RC,계룡RDC,JLN_SC,전라남도 순천시,140.2,177.8,1,2
11RC,계룡RDC,JLN_OS,전라남도 여수시,159.8,199.1,1,2
11RC,계룡RDC,JLN_OG,전라남도 영광군,118.4,155.8,1,1
11RC,계룡RDC,JLN_OO,전라남도 영암군,156.6,193.3,1,1
11RC,계룡RDC,JLN_OD,전라남도 완도군,215.6,272.3,1,1
11RC,계룡RDC,JLN_JS,전라남도 장성군,100.6,128.0,1,1
11RC,계룡RDC,JLN_JH,전라남도 장흥군,174.8,214.0,1,1
11RC,계룡RDC,JLN_JD,전라남도 진도군,208.5,260.5,1,1
11RC,계룡RDC,JLN_HP,전라남도 함평군,135.9,180.0,1,1
11RC,계룡RDC,JLN_HN,전라남도 해남군,184.9,229.1,1,1
11RC,계룡RDC,JLN_HS,전라남도 화순군,133.4,166.8,1,1
11RC,계룡RDC,JLB_GC,전라북도 고창군,99.8,121.4,1,1
11RC,계룡RDC,JLB_GS,전라북도 군산시,71.5,71.9,1,1
11RC,계룡RDC,JLB_GJ,전라북도 김제시,66.0,79.4,1,1
11RC,계룡RDC,JLB_NO,전라북도 남원시,96.3,115.6,1,2
11RC,계룡RDC,JLB_MJ,전라북도 무주군,55.2,66.1,2,2
11RC,계룡RDC,JLB_BO,전라북도 부안군,80.3,97.7,1,1
11RC,계룡RDC,JLB_SC,전라북도 순창군,98.5,120.4,1,2
11RC,계룡RDC,JLB_OJ,전라북도 완주군,47.2,55.9,1,1
11RC,계룡RDC,JLB_OS,전라북도 익산시,50.7,56.0,1,1
11RC,계룡RDC,JLB_OS2,전라북도 임실군,73.8,91.0,1,2
11RC,계룡RDC,JLB_JS,전라북도 장수군,85.7,104.2,2,2
11RC,계룡RDC,JLB_JJDJ,전라북도 전주시 덕진구,56.4,62.5,1,1
11RC,계룡RDC,JLB_JJOS,전라북도 전주시 완산구,60.1,64.9,1,1
11RC,계룡RDC,JLB_JO,전라북도 정읍시,76.9,95.8,1,1
11RC,계룡RDC,JLB_JO2,전라북도 진안군,74.3,92.3,2,2
11RC,계룡RDC,CCN_GR,충청남도 계룡시,7.6,4.3,1,1
11RC,계룡RDC,CCN_GJ,충청남도 공주시,31.8,35.9,1,1
11RC,계룡RDC,CCN_GS,충청남도 금산군,36.3,42.5,2,2
11RC,계룡RDC,CCN_NS,충청남도 논산시,30.7,29.5,1,1
11RC,계룡RDC,CCN_DJ,충청남도 당진시,89.6,110.0,2,2
11RC,계룡RDC,CCN_BR,충청남도 보령시,87.5,96.2,1,1
11RC,계룡RDC,CCN_BO,충청남도 부여군,47.7,47.3,1,1
11RC,계룡RDC,CCN_SS,충청남도 서산시,100.8,123.4,2,2
11RC,계룡RDC,CCN_SC,충청남도 서천군,75.7,72.8,1,1
11RC,계룡RDC,CCN_OS,충청남도 아산시,72.0,83.9,2,2
11RC,계룡RDC,CCN_OS2,충청남도 예산군,69.8,80.7,2,2
11RC,계룡RDC,CCN_CODN,충청남도 천안시 동남구,66.4,77.6,2,2
11RC,계룡RDC,CCN_COSB,충청남도 천안시 서북구,75.6,86.7,2,2
11RC,계룡RDC,CCN_CO,충청남도 청양군,66.8,71.0,1,1
11RC,계룡RDC,CCN_TO,충청남도 태안군,118.8,141.6,2,2
11RC,계룡RDC,CCN_HS,충청남도 홍성군,80.9,94.2,2,2
11RC,계룡RDC,CCB_GS,충청북도 괴산군,85.3,102.1,3,3
11RC,계룡RDC,CCB_DO,충청북도 단양군,151.8,185.3,4,4
11RC,계룡RDC,CCB_BO,충청북도 보은군,60.8,64.4,2,2
11RC,계룡RDC,CCB_OD,충청북도 영동군,60.3,63.7,2,2
11RC,계룡RDC,CCB_OC,충청북도 옥천군,34.9,38.3,2,2
11RC,계룡RDC,CCB_OS,충청북도 음성군,87.4,101.7,3,3
11RC,계룡RDC,CCB_JC,충청북도 제천시,133.1,166.8,3,3
11RC,계룡RDC,CCB_JP,충청북도 증평군,63.9,80.3,2,2
11RC,계룡RDC,CCB_JC2,충청북도 진천군,69.8,89.4,2,2
11RC,계룡RDC,CCB_CJSD,충청북도 청주시 상당구,51.5,55.5,1,1
11RC,계룡RDC,CCB_CJSO,충청북도 청주시 서원구,50.6,58.6,1,1
11RC,계룡RDC,CCB_CJCO,충청북도 청주시 청원구,53.9,61.2,1,1
11RC,계룡RDC,CCB_CJHD,충청북도 청주시 흥덕구,46.9,57.5,1,1
11RC,계룡RDC,CCB_CJ,충청북도 충주시,109.5,124.3,3,3
11R2,평택RDC,GWO_GR,강원도 강릉시,180.8,223.5,2,2
11R2,평택RDC,GWO_GS,강원도 고성군,221.1,273.3,2,2
11R2,평택RDC,GWO_DH,강원도 동해시,205.5,258.9,2,3
11R2,평택RDC,GWO_SC,강원도 삼척시,213.4,256.2,2,3
11R2,평택RDC,GWO_SC2,강원도 속초시,195.6,244.6,2,2
11R2,평택RDC,GWO_O,강원도 양구군,159.3,191.6,2,2
11R2,평택RDC,GWO_OO,강원도 양양군,177.6,228.5,2,2
11R2,평택RDC,GWO_OO2,강원도 영월군,119.4,148.0,2,2
11R2,평택RDC,GWO_OJ,강원도 원주시,91.4,107.7,2,2
11R2,평택RDC,GWO_OJ2,강원도 인제군,162.8,195.9,2,2
11R2,평택RDC,GWO_JS,강원도 정선군,159.5,184.2,2,2
11R2,평택RDC,GWO_CO,강원도 철원군,122.4,146.7,1,1
11R2,평택RDC,GWO_CC,강원도 춘천시,122.0,150.0,2,2
11R2,평택RDC,GWO_TB,강원도 태백시,166.7,211.6,2,3
11R2,평택RDC,GWO_PC,강원도 평창군,142.2,166.7,2,2
11R2,평택RDC,GWO_HC,강원도 홍천군,121.6,149.8,2,2
11R2,평택RDC,GWO_HC2,강원도 화천군,150.0,180.8,2,2
11R2,평택RDC,GWO_HS,강원도 횡성군,102.0,123.3,2,2
11R2,평택RDC,GGI_GP,경기도 가평군,104.2,121.8,1,1
11R2,평택RDC,GGI_GODO,경기도 고양시 덕양구,77.8,90.0,1,1
11R2,평택RDC,GGI_GOOSD,경기도 고양시 일산동구,80.8,94.1,1,1
11R2,평택RDC,GGI_GOOSS,경기도 고양시 일산서구,84.5,98.4,1,1
11R2,평택RDC,GGI_GC,경기도 과천시,51.2,52.1,1,1
11R2,평택RDC,GGI_GM,경기도 광명시,59.5,75.1,1,1
11R2,평택RDC,GGI_GJ,경기도 광주시,50.9,59.2,1,1
11R2,평택RDC,GGI_GR,경기도 구리시,62.6,74.5,1,1
11R2,평택RDC,GGI_GP2,경기도 군포시,47.0,45.9,1,1
11R2,평택RDC,GGI_GP3,경기도 김포시,79.5,98.6,1,1
11R2,평택RDC,GGI_NOJ,경기도 남양주시,70.3,84.0,1,1
11R2,평택RDC,GGI_DDC,경기도 동두천시,97.5,113.7,1,1
11R2,평택RDC,GGI_BCSS,경기도 부천시 소사구,61.9,75.5,1,1
11R2,평택RDC,GGI_BCOJ,경기도 부천시 오정구,70.3,81.0,1,1
11R2,평택RDC,GGI_BCOM,경기도 부천시 원미구,64.1,77.3,1,1
11R2,평택RDC,GGI_SNBD,경기도 성남시 분당구,41.1,49.8,1,1
11R2,평택RDC,GGI_SNSJ,경기도 성남시 수정구,46.3,57.0,1,1
11R2,평택RDC,GGI_SNJO,경기도 성남시 중원구,43.3,54.3,1,1
11R2,평택RDC,GGI_SOGS,경기도 수원시 권선구,35.3,33.6,1,1
11R2,평택RDC,GGI_SOOT,경기도 수원시 영통구,31.9,30.2,1,1
11R2,평택RDC,GGI_SOJO,경기도 수원시 장안구,35.9,35.0,1,1
11R2,평택RDC,GGI_SOPD,경기도 수원시 팔달구,34.6,32.7,1,1
11R2,평택RDC,GGI_SH,경기도 시흥시,54.0,67.8,1,1
11R2,평택RDC,GGI_OSDO,경기도 안산시 단원구,49.5,59.3,1,1
11R2,평택RDC,GGI_OSSR,경기도 안산시 상록구,46.3,55.4,1,1
11R2,평택RDC,GGI_OS,경기도 안성시,23.9,22.9,1,1
11R2,평택RDC,GGI_OODO,경기도 안양시 동안구,46.9,46.8,1,1
11R2,평택RDC,GGI_OOMO,경기도 안양시 만안구,48.2,46.9,1,1
11R2,평택RDC,GGI_OJ,경기도 양주시,83.3,102.8,1,1
11R2,평택RDC,GGI_OP,경기도 양평군,80.4,85.5,1,1
11R2,평택RDC,GGI_OJ2,경기도 여주시,68.2,75.8,2,1
11R2,평택RDC,GGI_OC,경기도 연천군,120.9,137.7,1,1
11R2,평택RDC,GGI_OS2,경기도 오산시,17.0,15.7,1,1
11R2,평택RDC,GGI_OOGH,경기도 용인시 기흥구,33.0,36.0,1,1
11R2,평택RDC,GGI_OOSJ,경기도 용인시 수지구,36.4,40.2,1,1
11R2,평택RDC,GGI_OOCO,경기도 용인시 처인구,30.9,34.9,1,1
11R2,평택RDC,GGI_OO,경기도 의왕시,42.1,41.3,1,1
11R2,평택RDC,GGI_OJB,경기도 의정부시,76.5,96.4,1,1
11R2,평택RDC,GGI_OC2,경기도 이천시,55.0,59.5,1,1
11R2,평택RDC,GGI_PJ,경기도 파주시,87.2,105.6,1,1
11R2,평택RDC,GGI_PT,경기도 평택시,9.0,6.9,1,1
11R2,평택RDC,GGI_PC,경기도 포천시,92.4,115.7,1,1
11R2,평택RDC,GGI_HN,경기도 하남시,58.8,73.4,1,1
11R2,평택RDC,GGI_HS,경기도 화성시,36.9,42.9,1,1
11R2,평택RDC,GSN_GJ,경상남도 거제시,261.4,337.8,4,5
11R2,평택RDC,GSN_GC,경상남도 거창군,174.4,208.5,4,4
11R2,평택RDC,GSN_GS,경상남도 고성군,231.9,302.0,4,5
11R2,평택RDC,GSN_GH,경상남도 김해시,247.1,324.1,5,5
11R2,평택RDC,GSN_NH,경상남도 남해군,233.1,309.2,4,4
11R2,평택RDC,GSN_MO,경상남도 밀양시,217.2,290.0,5,5
11R2,평택RDC,GSN_SC,경상남도 사천시,221.6,285.2,4,4
11R2,평택RDC,GSN_SC2,경상남도 산청군,177.9,229.4,4,4
11R2,평택RDC,GSN_OS,경상남도 양산시,244.9,329.0,5,5
11R2,평택RDC,GSN_OR,경상남도 의령군,218.9,281.9,5,5
11R2,평택RDC,GSN_JJ,경상남도 진주시,210.8,268.3,4,4
11R2,평택RDC,GSN_CN,경상남도 창녕군,195.0,258.3,5,5
11R2,평택RDC,GSN_COMSHP,경상남도 창원시 마산합포구,229.0,300.2,5,5
11R2,평택RDC,GSN_COMSHO,경상남도 창원시 마산회원구,227.6,297.7,5,5
11R2,평택RDC,GSN_COSS,경상남도 창원시 성산구,239.9,311.4,5,5
11R2,평택RDC,GSN_COOC,경상남도 창원시 의창구,230.6,301.2,5,5
11R2,평택RDC,GSN_COJH,경상남도 창원시 진해구,243.1,315.9,5,5
11R2,평택RDC,GSN_TO,경상남도 통영시,242.9,318.0,4,4
11R2,평택RDC,GSN_HD,경상남도 하동군,209.4,268.8,4,4
11R2,평택RDC,GSN_HO,경상남도 함안군,229.9,303.3,5,5
11R2,평택RDC,GSN_HO2,경상남도 함양군,170.4,216.5,4,4
11R2,평택RDC,GSN_HC,경상남도 합천군,197.4,257.2,5,5
11R2,평택RDC,GSB_GS,경상북도 경산시,191.7,251.4,5,5
11R2,평택RDC,GSB_GJ,경상북도 경주시,211.5,278.5,5,5
11R2,평택RDC,GSB_GR,경상북도 고령군,182.2,235.8,5,5
11R2,평택RDC,GSB_GM,경상북도 구미시,145.4,186.6,5,5
11R2,평택RDC,GSB_GC,경상북도 김천시,131.8,174.2,5,5
11R2,평택RDC,GSB_MG,경상북도 문경시,109.3,143.1,4,5
11R2,평택RDC,GSB_BH,경상북도 봉화군,146.3,180.8,3,3
11R2,평택RDC,GSB_SJ,경상북도 상주시,114.1,150.2,5,5
11R2,평택RDC,GSB_SJ2,경상북도 성주군,159.6,210.5,5,5
11R2,평택RDC,GSB_OD,경상북도 안동시,157.2,183.3,5,5
11R2,평택RDC,GSB_OD2,경상북도 영덕군,205.1,269.6,5,5
11R2,평택RDC,GSB_OO,경상북도 영양군,202.6,260.1,5,5
11R2,평택RDC,GSB_OJ,경상북도 영주시,131.5,166.6,3,3
11R2,평택RDC,GSB_OC,경상북도 영천시,182.1,237.1,5,5
11R2,평택RDC,GSB_OC2,경상북도 예천군,131.4,153.7,4,4
11R2,평택RDC,GSB_OR,경상북도 울릉군,363.5,419.2,3,3
11R2,평택RDC,GSB_OJ2,경상북도 울진군,221.5,249.2,3,3
11R2,평택RDC,GSB_OS,경상북도 의성군,155.6,204.6,5,5
11R2,평택RDC,GSB_CD,경상북도 청도군,203.2,270.1,5,5
11R2,평택RDC,GSB_CS,경상북도 청송군,175.3,231.8,5,5
11R2,평택RDC,GSB_CG,경상북도 칠곡군,159.5,206.3,5,5
11R2,평택RDC,GSB_PHN,경상북도 포항시 남구,209.9,279.1,5,5
11R2,평택RDC,GSB_PHB,경상북도 포항시 북구,211.0,277.7,5,5
11R2,평택RDC,GWJ_GS,광주광역시 광산구,178.3,236.8,4,4
11R2,평택RDC,GWJ_N,광주광역시 남구,181.8,240.9,4,4
11R2,평택RDC,GWJ_D,광주광역시 동구,182.5,241.7,4,4
11R2,평택RDC,GWJ_B,광주광역시 북구,177.6,237.5,4,4
11R2,평택RDC,GWJ_S,광주광역시 서구,179.8,238.6,4,4
11R2,평택RDC,DAE_GO,대구광역시 군위군,152.2,196.6,5,5
11R2,평택RDC,DAE_N,대구광역시 남구,179.7,232.9,5,5
11R2,평택RDC,DAE_DS,대구광역시 달서구,176.2,229.9,5,5
11R2,평택RDC,DAE_DS2,대구광역시 달성군,183.3,240.4,5,5
11R2,평택RDC,DAE_D,대구광역시 동구,179.0,234.3,5,5
11R2,평택RDC,DAE_B,대구광역시 북구,175.4,228.2,5,5
11R2,평택RDC,DAE_S,대구광역시 서구,173.1,226.8,5,5
11R2,평택RDC,DAE_SS,대구광역시 수성구,180.8,236.8,5,5
11R2,평택RDC,DAE_J,대구광역시 중구,177.2,230.5,5,5
11R2,평택RDC,DJN_DD,대전광역시 대덕구,82.4,99.4,3,3
11R2,평택RDC,DJN_D,대전광역시 동구,85.0,106.6,3,3
11R2,평택RDC,DJN_S,대전광역시 서구,81.4,105.9,3,3
11R2,평택RDC,DJN_OS,대전광역시 유성구,79.7,103.5,3,3
11R2,평택RDC,DJN_J,대전광역시 중구,83.7,103.4,3,3
11R2,평택RDC,BUS_GS,부산광역시 강서구,244.5,329.1,5,5
11R2,평택RDC,BUS_GJ,부산광역시 금정구,251.0,338.5,5,5
11R2,평택RDC,BUS_GJ2,부산광역시 기장군,263.0,349.5,5,5
11R2,평택RDC,BUS_N,부산광역시 남구,256.3,344.0,5,5
11R2,평택RDC,BUS_D,부산광역시 동구,252.7,341.3,5,5
11R2,평택RDC,BUS_DR,부산광역시 동래구,252.3,338.4,5,5
11R2,평택RDC,BUS_BSJ,부산광역시 부산진구,252.1,338.7,5,5
11R2,평택RDC,BUS_B,부산광역시 북구,247.4,331.8,5,5
11R2,평택RDC,BUS_SS,부산광역시 사상구,249.1,336.0,5,5
11R2,평택RDC,BUS_SH,부산광역시 사하구,254.0,341.3,5,5
11R2,평택RDC,BUS_S,부산광역시 서구,257.1,345.5,5,5
11R2,평택RDC,BUS_SO,부산광역시 수영구,259.7,347.0,5,5
11R2,평택RDC,BUS_OJ,부산광역시 연제구,254.9,341.2,5,5
11R2,평택RDC,BUS_OD,부산광역시 영도구,261.3,348.5,5,5
11R2,평택RDC,BUS_J,부산광역시 중구,256.0,343.8,5,5
11R2,평택RDC,BUS_HOD,부산광역시 해운대구,262.6,348.2,5,5
11R2,평택RDC,SEO_GN,서울특별시 강남구,51.3,64.2,1,1
11R2,평택RDC,SEO_GD,서울특별시 강동구,54.1,67.0,1,1
11R2,평택RDC,SEO_GB,서울특별시 강북구,64.7,77.6,1,1
11R2,평택RDC,SEO_GS,서울특별시 강서구,68.0,82.3,1,1
11R2,평택RDC,SEO_GO,서울특별시 관악구,53.9,66.9,1,1
11R2,평택RDC,SEO_GJ,서울특별시 광진구,55.4,66.5,1,1
11R2,평택RDC,SEO_GR,서울특별시 구로구,60.4,76.1,1,1
11R2,평택RDC,SEO_GC,서울특별시 금천구,57.1,56.1,1,1
11R2,평택RDC,SEO_NO,서울특별시 노원구,67.0,81.0,1,1
11R2,평택RDC,SEO_DB,서울특별시 도봉구,68.6,81.4,1,1
11R2,평택RDC,SEO_DDM,서울특별시 동대문구,58.0,70.2,1,1
11R2,평택RDC,SEO_DJ,서울특별시 동작구,55.3,69.0,1,1
11R2,평택RDC,SEO_MP,서울특별시 마포구,64.0,76.5,1,1
11R2,평택RDC,SEO_SDM,서울특별시 서대문구,63.1,76.1,1,1
11R2,평택RDC,SEO_SC,서울특별시 서초구,46.6,59.7,1,1
11R2,평택RDC,SEO_SD,서울특별시 성동구,56.4,68.9,1,1
11R2,평택RDC,SEO_SB,서울특별시 성북구,58.8,71.8,1,1
11R2,평택RDC,SEO_SP,서울특별시 송파구,52.8,63.8,1,1
11R2,평택RDC,SEO_OC,서울특별시 양천구,63.5,78.3,1,1
11R2,평택RDC,SEO_ODP,서울특별시 영등포구,62.0,74.6,1,1
11R2,평택RDC,SEO_OS,서울특별시 용산구,53.8,67.0,1,1
11R2,평택RDC,SEO_OP,서울특별시 은평구,64.8,77.4,1,1
11R2,평택RDC,SEO_JR,서울특별시 종로구,57.9,70.9,1,1
11R2,평택RDC,SEO_J,서울특별시 중구,56.4,69.8,1,1
11R2,평택RDC,SEO_JR2,서울특별시 중랑구,63.1,75.7,1,1
11R2,평택RDC,SEJ_SJ,세종특별자치시 세종특별자치시,69.2,83.5,3,3
11R2,평택RDC,ULS_N,울산광역시 남구,243.2,319.6,5,5
11R2,평택RDC,ULS_D,울산광역시 동구,247.1,318.2,5,5
11R2,평택RDC,ULS_B,울산광역시 북구,237.9,305.4,5,5
11R2,평택RDC,ULS_OJ,울산광역시 울주군,239.5,316.6,5,5
11R2,평택RDC,ULS_J,울산광역시 중구,239.5,306.8,5,5
11R2,평택RDC,ICN_GH,인천광역시 강화군,103.7,124.9,1,1
11R2,평택RDC,ICN_GO,인천광역시 계양구,68.3,86.7,1,1
11R2,평택RDC,ICN_ND,인천광역시 남동구,60.0,74.3,1,1
11R2,평택RDC,ICN_D,인천광역시 동구,69.0,84.0,1,1
11R2,평택RDC,ICN_MCH,인천광역시 미추홀구,67.3,82.7,1,1
11R2,평택RDC,ICN_BP,인천광역시 부평구,65.9,83.1,1,1
11R2,평택RDC,ICN_S,인천광역시 서구,74.7,93.2,1,1
11R2,평택RDC,ICN_OS,인천광역시 연수구,62.3,75.8,1,1
11R2,평택RDC,ICN_J,인천광역시 중구,68.8,85.6,1,1
11R2,평택RDC,JLN_GJ,전라남도 강진군,232.4,322.5,4,4
11R2,평택RDC,JLN_GH,전라남도 고흥군,244.2,321.2,4,4
11R2,평택RDC,JLN_GO,전라남도 광양시,207.7,273.8,4,4
11R2,평택RDC,JLN_GR,전라남도 구례군,177.1,234.7,4,4
11R2,평택RDC,JLN_NJ,전라남도 나주시,193.5,255.4,4,4
11R2,평택RDC,JLN_DO,전라남도 담양군,173.4,224.2,4,4
11R2,평택RDC,JLN_MP,전라남도 목포시,207.0,291.4,3,4
11R2,평택RDC,JLN_MO,전라남도 무안군,188.7,265.2,3,4
11R2,평택RDC,JLN_BS,전라남도 보성군,228.6,297.3,4,4
11R2,평택RDC,JLN_SC,전라남도 순천시,200.9,266.6,4,4
11R2,평택RDC,JLN_OS,전라남도 여수시,220.5,287.9,4,4
11R2,평택RDC,JLN_OG,전라남도 영광군,167.5,233.1,3,3
11R2,평택RDC,JLN_OO,전라남도 영암군,217.4,282.1,4,4
11R2,평택RDC,JLN_OD,전라남도 완도군,272.7,380.4,4,4
11R2,평택RDC,JLN_JS,전라남도 장성군,161.3,216.7,3,3
11R2,평택RDC,JLN_JH,전라남도 장흥군,235.6,302.8,4,4
11R2,평택RDC,JLN_JD,전라남도 진도군,257.6,337.8,3,4
11R2,평택RDC,JLN_HP,전라남도 함평군,184.9,257.3,3,4
11R2,평택RDC,JLN_HN,전라남도 해남군,242.0,337.2,4,4
11R2,평택RDC,JLN_HS,전라남도 화순군,194.1,255.6,4,4
11R2,평택RDC,JLB_GC,전라북도 고창군,153.2,211.6,3,3
11R2,평택RDC,JLB_GS,전라북도 군산시,109.7,147.6,3,3
11R2,평택RDC,JLB_GJ,전라북도 김제시,121.6,166.7,3,3
11R2,평택RDC,JLB_NO,전라북도 남원시,157.0,204.3,4,4
11R2,평택RDC,JLB_MJ,전라북도 무주군,123.4,156.1,4,4
11R2,평택RDC,JLB_BO,전라북도 부안군,131.8,179.4,3,3
11R2,평택RDC,JLB_SC,전라북도 순창군,159.2,209.1,4,4
11R2,평택RDC,JLB_OJ,전라북도 완주군,107.9,144.6,3,3
11R2,평택RDC,JLB_OS,전라북도 익산시,109.3,136.1,3,3
11R2,평택RDC,JLB_OS2,전라북도 임실군,134.6,179.7,3,4
11R2,평택RDC,JLB_JS,전라북도 장수군,153.9,194.1,4,4
11R2,평택RDC,JLB_JJDJ,전라북도 전주시 덕진구,117.2,151.2,3,3
11R2,평택RDC,JLB_JJOS,전라북도 전주시 완산구,120.9,153.7,3,3
11R2,평택RDC,JLB_JO,전라북도 정읍시,137.6,184.5,3,3
11R2,평택RDC,JLB_JO2,전라북도 진안군,135.1,181.1,4,4
11R2,평택RDC,CCN_GR,충청남도 계룡시,86.1,107.4,3,3
11R2,평택RDC,CCN_GJ,충청남도 공주시,61.9,77.9,2,3
11R2,평택RDC,CCN_GS,충청남도 금산군,104.5,132.5,3,4
11R2,평택RDC,CCN_NS,충청남도 논산시,82.8,107.8,3,3
11R2,평택RDC,CCN_DJ,충청남도 당진시,48.7,58.2,1,1
11R2,평택RDC,CCN_BR,충청남도 보령시,95.4,127.6,2,2
11R2,평택RDC,CCN_BO,충청남도 부여군,84.8,110.5,2,3
11R2,평택RDC,CCN_SS,충청남도 서산시,65.2,79.1,1,1
11R2,평택RDC,CCN_SC,충청남도 서천군,107.7,145.7,2,3
11R2,평택RDC,CCN_OS,충청남도 아산시,35.7,32.3,1,1
11R2,평택RDC,CCN_OS2,충청남도 예산군,58.0,58.5,1,1
11R2,평택RDC,CCN_CODN,충청남도 천안시 동남구,29.3,33.0,1,1
11R2,평택RDC,CCN_COSB,충청남도 천안시 서북구,24.9,21.4,1,1
11R2,평택RDC,CCN_CO,충청남도 청양군,77.9,93.1,2,2
11R2,평택RDC,CCN_TO,충청남도 태안군,83.2,97.3,1,1
11R2,평택RDC,CCN_HS,충청남도 홍성군,72.2,77.7,1,1
11R2,평택RDC,CCB_GS,충청북도 괴산군,71.0,79.8,1,1
11R2,평택RDC,CCB_DO,충청북도 단양군,111.4,133.2,2,2
11R2,평택RDC,CCB_BO,충청북도 보은군,86.4,105.8,3,3
11R2,평택RDC,CCB_OD,충청북도 영동군,118.3,141.3,4,4
11R2,평택RDC,CCB_OC,충청북도 옥천군,91.2,112.3,3,3
11R2,평택RDC,CCB_OS,충청북도 음성군,56.8,65.4,1,1
11R2,평택RDC,CCB_JC,충청북도 제천시,92.7,114.7,2,2
11R2,평택RDC,CCB_JP,충청북도 증평군,55.4,67.4,1,1
11R2,평택RDC,CCB_JC2,충청북도 진천군,43.1,48.2,1,1
11R2,평택RDC,CCB_CJSD,충청북도 청주시 상당구,68.1,79.3,3,3
11R2,평택RDC,CCB_CJSO,충청북도 청주시 서원구,63.9,71.7,2,2
11R2,평택RDC,CCB_CJCO,충청북도 청주시 청원구,63.4,77.7,2,2
11R2,평택RDC,CCB_CJHD,충청북도 청주시 흥덕구,54.6,66.4,2,2
11R2,평택RDC,CCB_CJ,충청북도 충주시,77.0,88.1,2,2
11R9,제천RDC,GWO_GR,강원도 강릉시,132.8,135.4,1,1
11R9,제천RDC,GWO_GS,강원도 고성군,194.7,229.7,1,1
11R9,제천RDC,GWO_DH,강원도 동해시,125.3,144.6,1,1
11R9,제천RDC,GWO_SC,강원도 삼척시,122.1,138.1,1,1
11R9,제천RDC,GWO_SC2,강원도 속초시,169.2,201.0,1,1
11R9,제천RDC,GWO_O,강원도 양구군,132.9,160.5,1,1
11R9,제천RDC,GWO_OO,강원도 양양군,151.2,184.9,1,1
11R9,제천RDC,GWO_OO2,강원도 영월군,28.1,29.9,1,1
11R9,제천RDC,GWO_OJ,강원도 원주시,40.1,44.8,1,1
11R9,제천RDC,GWO_OJ2,강원도 인제군,129.2,149.1,1,1
11R9,제천RDC,GWO_JS,강원도 정선군,68.2,66.0,1,1
11R9,제천RDC,GWO_CO,강원도 철원군,158.2,201.0,2,2
11R9,제천RDC,GWO_CC,강원도 춘천시,100.5,120.9,1,1
11R9,제천RDC,GWO_TB,강원도 태백시,75.5,93.5,1,1
11R9,제천RDC,GWO_PC,강원도 평창군,50.5,46.9,1,1
11R9,제천RDC,GWO_HC,강원도 홍천군,79.9,97.1,1,1
11R9,제천RDC,GWO_HC2,강원도 화천군,123.6,149.6,1,1
11R9,제천RDC,GWO_HS,강원도 횡성군,54.7,62.8,1,1
11R9,제천RDC,GGI_GP,경기도 가평군,120.3,142.6,2,2
11R9,제천RDC,GGI_GODO,경기도 고양시 덕양구,139.4,176.4,2,2
11R9,제천RDC,GGI_GOOSD,경기도 고양시 일산동구,140.2,178.4,2,2
11R9,제천RDC,GGI_GOOSS,경기도 고양시 일산서구,144.5,181.9,2,2
11R9,제천RDC,GGI_GC,경기도 과천시,112.5,138.2,2,2
11R9,제천RDC,GGI_GM,경기도 광명시,122.9,150.2,2,2
11R9,제천RDC,GGI_GJ,경기도 광주시,91.0,110.7,2,2
11R9,제천RDC,GGI_GR,경기도 구리시,108.2,136.2,2,2
11R9,제천RDC,GGI_GP2,경기도 군포시,110.8,140.3,2,2
11R9,제천RDC,GGI_GP3,경기도 김포시,144.8,171.1,2,2
11R9,제천RDC,GGI_NOJ,경기도 남양주시,111.8,142.9,2,2
11R9,제천RDC,GGI_DDC,경기도 동두천시,133.0,173.2,2,2
11R9,제천RDC,GGI_BCSS,경기도 부천시 소사구,128.0,156.4,2,2
11R9,제천RDC,GGI_BCOJ,경기도 부천시 오정구,135.4,159.8,2,2
11R9,제천RDC,GGI_BCOM,경기도 부천시 원미구,130.2,158.2,2,2
11R9,제천RDC,GGI_SNBD,경기도 성남시 분당구,102.2,124.8,2,2
11R9,제천RDC,GGI_SNSJ,경기도 성남시 수정구,99.3,122.2,2,2
11R9,제천RDC,GGI_SNJO,경기도 성남시 중원구,95.8,119.4,2,2
11R9,제천RDC,GGI_SOGS,경기도 수원시 권선구,110.3,137.3,2,3
11R9,제천RDC,GGI_SOOT,경기도 수원시 영통구,104.0,131.3,2,2
11R9,제천RDC,GGI_SOJO,경기도 수원시 장안구,103.3,131.0,2,2
11R9,제천RDC,GGI_SOPD,경기도 수원시 팔달구,101.6,129.9,2,2
11R9,제천RDC,GGI_SH,경기도 시흥시,120.5,155.3,2,2
11R9,제천RDC,GGI_OSDO,경기도 안산시 단원구,120.9,152.8,2,2
11R9,제천RDC,GGI_OSSR,경기도 안산시 상록구,117.8,149.0,2,2
11R9,제천RDC,GGI_OS,경기도 안성시,83.9,99.3,2,2
11R9,제천RDC,GGI_OODO,경기도 안양시 동안구,110.7,141.2,2,2
11R9,제천RDC,GGI_OOMO,경기도 안양시 만안구,112.0,141.3,2,2
11R9,제천RDC,GGI_OJ,경기도 양주시,126.8,159.0,2,2
11R9,제천RDC,GGI_OP,경기도 양평군,82.4,108.3,2,2
11R9,제천RDC,GGI_OJ2,경기도 여주시,63.3,76.4,1,2
11R9,제천RDC,GGI_OC,경기도 연천군,156.5,197.2,2,2
11R9,제천RDC,GGI_OS2,경기도 오산시,101.2,128.9,3,3
11R9,제천RDC,GGI_OOGH,경기도 용인시 기흥구,100.8,125.7,2,2
11R9,제천RDC,GGI_OOSJ,경기도 용인시 수지구,103.4,126.3,2,2
11R9,제천RDC,GGI_OOCO,경기도 용인시 처인구,88.5,114.4,2,2
11R9,제천RDC,GGI_OO,경기도 의왕시,105.9,135.7,2,2
11R9,제천RDC,GGI_OJB,경기도 의정부시,120.1,152.6,2,2
11R9,제천RDC,GGI_OC2,경기도 이천시,72.4,90.3,2,2
11R9,제천RDC,GGI_PJ,경기도 파주시,141.9,181.7,2,2
11R9,제천RDC,GGI_PT,경기도 평택시,97.8,115.5,3,3
11R9,제천RDC,GGI_PC,경기도 포천시,128.2,169.9,2,2
11R9,제천RDC,GGI_HN,경기도 하남시,98.8,124.5,2,2
11R9,제천RDC,GGI_HS,경기도 화성시,124.6,158.3,3,3
11R9,제천RDC,GSN_GJ,경상남도 거제시,265.9,326.8,5,4
11R9,제천RDC,GSN_GC,경상남도 거창군,191.7,243.3,5,5
11R9,제천RDC,GSN_GS,경상남도 고성군,237.9,300.1,5,4
11R9,제천RDC,GSN_GH,경상남도 김해시,217.9,273.5,4,4
11R9,제천RDC,GSN_NH,경상남도 남해군,267.9,337.4,5,5
11R9,제천RDC,GSN_MO,경상남도 밀양시,188.0,239.5,4,4
11R9,제천RDC,GSN_SC,경상남도 사천시,238.5,303.9,5,5
11R9,제천RDC,GSN_SC2,경상남도 산청군,215.1,281.1,5,5
11R9,제천RDC,GSN_OS,경상남도 양산시,215.7,278.5,4,4
11R9,제천RDC,GSN_OR,경상남도 의령군,210.9,271.0,4,4
11R9,제천RDC,GSN_JJ,경상남도 진주시,219.0,278.9,5,5
11R9,제천RDC,GSN_CN,경상남도 창녕군,172.8,219.2,4,4
11R9,제천RDC,GSN_COMSHP,경상남도 창원시 마산합포구,205.1,260.3,4,4
11R9,제천RDC,GSN_COMSHO,경상남도 창원시 마산회원구,203.7,257.8,4,4
11R9,제천RDC,GSN_COSS,경상남도 창원시 성산구,216.0,271.4,4,4
11R9,제천RDC,GSN_COOC,경상남도 창원시 의창구,206.7,261.3,4,4
11R9,제천RDC,GSN_COJH,경상남도 창원시 진해구,219.1,276.0,4,4
11R9,제천RDC,GSN_TO,경상남도 통영시,251.9,318.2,5,5
11R9,제천RDC,GSN_HD,경상남도 하동군,257.2,320.8,5,5
11R9,제천RDC,GSN_HO,경상남도 함안군,207.6,264.2,4,4
11R9,제천RDC,GSN_HO2,경상남도 함양군,207.5,268.2,5,5
11R9,제천RDC,GSN_HC,경상남도 합천군,180.7,229.0,4,4
11R9,제천RDC,GSB_GS,경상북도 경산시,160.1,193.8,4,4
11R9,제천RDC,GSB_GJ,경상북도 경주시,182.4,224.6,3,3
11R9,제천RDC,GSB_GR,경상북도 고령군,167.2,207.2,4,4
11R9,제천RDC,GSB_GM,경상북도 구미시,135.5,175.7,4,4
11R9,제천RDC,GSB_GC,경상북도 김천시,131.2,170.1,4,4
11R9,제천RDC,GSB_MG,경상북도 문경시,92.1,118.2,2,2
11R9,제천RDC,GSB_BH,경상북도 봉화군,74.2,77.6,1,1
11R9,제천RDC,GSB_SJ,경상북도 상주시,106.6,137.3,4,4
11R9,제천RDC,GSB_SJ2,경상북도 성주군,149.7,199.6,4,4
11R9,제천RDC,GSB_OD,경상북도 안동시,86.7,96.1,2,2
11R9,제천RDC,GSB_OD2,경상북도 영덕군,152.5,185.4,2,2
11R9,제천RDC,GSB_OO,경상북도 영양군,132.0,144.5,2,2
11R9,제천RDC,GSB_OJ,경상북도 영주시,59.4,63.4,1,1
11R9,제천RDC,GSB_OC,경상북도 영천시,153.0,183.2,3,2
11R9,제천RDC,GSB_OC2,경상북도 예천군,73.2,81.1,1,1
11R9,제천RDC,GSB_OR,경상북도 울릉군,290.8,310.7,1,1
11R9,제천RDC,GSB_OJ2,경상북도 울진군,148.1,161.0,1,1
11R9,제천RDC,GSB_OS,경상북도 의성군,103.0,120.4,2,2
11R9,제천RDC,GSB_CD,경상북도 청도군,172.9,210.2,4,4
11R9,제천RDC,GSB_CS,경상북도 청송군,122.7,147.5,2,2
11R9,제천RDC,GSB_CG,경상북도 칠곡군,137.7,166.0,4,4
11R9,제천RDC,GSB_PHN,경상북도 포항시 남구,180.8,225.2,3,2
11R9,제천RDC,GSB_PHB,경상북도 포항시 북구,178.1,219.8,2,2
11R9,제천RDC,GWJ_GS,광주광역시 광산구,244.7,316.1,5,5
11R9,제천RDC,GWJ_N,광주광역시 남구,248.2,320.1,5,5
11R9,제천RDC,GWJ_D,광주광역시 동구,248.9,321.0,5,5
11R9,제천RDC,GWJ_B,광주광역시 북구,244.0,316.8,5,5
11R9,제천RDC,GWJ_S,광주광역시 서구,246.2,317.9,5,5
11R9,제천RDC,DAE_GO,대구광역시 군위군,108.4,129.6,2,2
11R9,제천RDC,DAE_N,대구광역시 남구,148.5,179.6,4,4
11R9,제천RDC,DAE_DS,대구광역시 달서구,146.1,179.5,4,4
11R9,제천RDC,DAE_DS2,대구광역시 달성군,153.2,190.0,4,4
11R9,제천RDC,DAE_D,대구광역시 동구,147.1,180.1,4,4
11R9,제천RDC,DAE_B,대구광역시 북구,142.2,174.4,4,4
11R9,제천RDC,DAE_S,대구광역시 서구,142.0,174.4,4,4
11R9,제천RDC,DAE_SS,대구광역시 수성구,149.0,182.8,4,4
11R9,제천RDC,DAE_J,대구광역시 중구,145.7,177.3,4,4
11R9,제천RDC,DJN_DD,대전광역시 대덕구,119.5,151.1,5,5
11R9,제천RDC,DJN_D,대전광역시 동구,122.2,158.3,5,5
11R9,제천RDC,DJN_S,대전광역시 서구,120.5,152.2,5,5
11R9,제천RDC,DJN_OS,대전광역시 유성구,121.5,152.9,5,5
11R9,제천RDC,DJN_J,대전광역시 중구,120.8,155.1,5,5
11R9,제천RDC,BUS_GS,부산광역시 강서구,215.3,278.6,4,4
11R9,제천RDC,BUS_GJ,부산광역시 금정구,221.8,288.0,4,4
11R9,제천RDC,BUS_GJ2,부산광역시 기장군,233.8,298.9,4,4
11R9,제천RDC,BUS_N,부산광역시 남구,227.1,293.4,4,4
11R9,제천RDC,BUS_D,부산광역시 동구,223.5,290.8,4,4
11R9,제천RDC,BUS_DR,부산광역시 동래구,223.1,287.8,4,4
11R9,제천RDC,BUS_BSJ,부산광역시 부산진구,222.9,288.1,4,4
11R9,제천RDC,BUS_B,부산광역시 북구,218.2,281.3,4,4
11R9,제천RDC,BUS_SS,부산광역시 사상구,219.9,285.5,4,4
11R9,제천RDC,BUS_SH,부산광역시 사하구,224.8,290.7,4,4
11R9,제천RDC,BUS_S,부산광역시 서구,227.9,295.0,4,4
11R9,제천RDC,BUS_SO,부산광역시 수영구,230.5,296.4,4,4
11R9,제천RDC,BUS_OJ,부산광역시 연제구,225.6,290.7,4,4
11R9,제천RDC,BUS_OD,부산광역시 영도구,232.1,297.9,4,4
11R9,제천RDC,BUS_J,부산광역시 중구,226.8,293.2,4,4
11R9,제천RDC,BUS_HOD,부산광역시 해운대구,233.4,297.6,4,4
11R9,제천RDC,SEO_GN,서울특별시 강남구,111.8,135.7,2,2
11R9,제천RDC,SEO_GD,서울특별시 강동구,105.5,132.5,2,2
11R9,제천RDC,SEO_GB,서울특별시 강북구,120.0,147.3,2,2
11R9,제천RDC,SEO_GS,서울특별시 강서구,131.0,157.9,2,2
11R9,제천RDC,SEO_GO,서울특별시 관악구,117.2,152.0,2,2
11R9,제천RDC,SEO_GJ,서울특별시 광진구,109.4,136.5,2,2
11R9,제천RDC,SEO_GR,서울특별시 구로구,124.0,158.8,2,2
11R9,제천RDC,SEO_GC,서울특별시 금천구,119.8,146.3,2,2
11R9,제천RDC,SEO_NO,서울특별시 노원구,117.7,145.7,2,2
11R9,제천RDC,SEO_DB,서울특별시 도봉구,119.8,151.5,2,2
11R9,제천RDC,SEO_DDM,서울특별시 동대문구,114.1,141.1,2,2
11R9,제천RDC,SEO_DJ,서울특별시 동작구,118.6,154.1,2,2
11R9,제천RDC,SEO_MP,서울특별시 마포구,127.2,154.9,2,2
11R9,제천RDC,SEO_SDM,서울특별시 서대문구,125.2,151.8,2,2
11R9,제천RDC,SEO_SC,서울특별시 서초구,109.9,144.7,2,2
11R9,제천RDC,SEO_SD,서울특별시 성동구,114.2,141.7,2,2
11R9,제천RDC,SEO_SB,서울특별시 성북구,116.8,144.1,2,2
11R9,제천RDC,SEO_SP,서울특별시 송파구,106.9,130.2,2,2
11R9,제천RDC,SEO_OC,서울특별시 양천구,126.5,153.7,2,2
11R9,제천RDC,SEO_ODP,서울특별시 영등포구,125.3,159.6,2,2
11R9,제천RDC,SEO_OS,서울특별시 용산구,117.1,152.0,2,2
11R9,제천RDC,SEO_OP,서울특별시 은평구,127.0,153.1,2,2
11R9,제천RDC,SEO_JR,서울특별시 종로구,119.8,146.9,2,2
11R9,제천RDC,SEO_J,서울특별시 중구,117.6,142.0,2,2
11R9,제천RDC,SEO_JR2,서울특별시 중랑구,111.5,139.5,2,2
11R9,제천RDC,SEJ_SJ,세종특별자치시 세종특별자치시,110.3,142.3,4,4
11R9,제천RDC,ULS_N,울산광역시 남구,214.1,265.7,3,3
11R9,제천RDC,ULS_D,울산광역시 동구,218.0,264.3,3,3
11R9,제천RDC,ULS_B,울산광역시 북구,208.8,251.5,3,3
11R9,제천RDC,ULS_OJ,울산광역시 울주군,210.4,262.8,4,3
11R9,제천RDC,ULS_J,울산광역시 중구,210.3,252.9,3,3
11R9,제천RDC,ICN_GH,인천광역시 강화군,166.9,195.9,2,2
11R9,제천RDC,ICN_GO,인천광역시 계양구,134.4,167.6,2,2
11R9,제천RDC,ICN_ND,인천광역시 남동구,128.2,165.3,2,2
11R9,제천RDC,ICN_D,인천광역시 동구,137.0,170.1,2,2
11R9,제천RDC,ICN_MCH,인천광역시 미추홀구,135.3,168.9,2,2
11R9,제천RDC,ICN_BP,인천광역시 부평구,132.0,164.0,2,2
11R9,제천RDC,ICN_S,인천광역시 서구,140.8,174.2,2,2
11R9,제천RDC,ICN_OS,인천광역시 연수구,130.5,166.8,2,2
11R9,제천RDC,ICN_J,인천광역시 중구,136.9,171.7,2,2
11R9,제천RDC,JLN_GJ,전라남도 강진군,302.4,383.0,5,5
11R9,제천RDC,JLN_GH,전라남도 고흥군,310.6,400.4,5,5
11R9,제천RDC,JLN_GO,전라남도 광양시,263.7,335.3,5,5
11R9,제천RDC,JLN_GR,전라남도 구례군,243.5,313.9,5,5
11R9,제천RDC,JLN_NJ,전라남도 나주시,259.9,334.6,5,5
11R9,제천RDC,JLN_DO,전라남도 담양군,239.8,303.4,5,5
11R9,제천RDC,JLN_MP,전라남도 목포시,281.0,379.8,5,5
11R9,제천RDC,JLN_MO,전라남도 무안군,262.7,353.6,5,5
11R9,제천RDC,JLN_BS,전라남도 보성군,294.9,376.5,5,5
11R9,제천RDC,JLN_SC,전라남도 순천시,267.3,345.8,5,5
11R9,제천RDC,JLN_OS,전라남도 여수시,286.9,367.1,5,5
11R9,제천RDC,JLN_OG,전라남도 영광군,241.5,321.5,5,5
11R9,제천RDC,JLN_OO,전라남도 영암군,283.8,361.3,5,5
11R9,제천RDC,JLN_OD,전라남도 완도군,342.8,440.3,5,5
11R9,제천RDC,JLN_JS,전라남도 장성군,227.7,296.0,5,5
11R9,제천RDC,JLN_JH,전라남도 장흥군,302.0,382.0,5,5
11R9,제천RDC,JLN_JD,전라남도 진도군,331.6,426.2,5,5
11R9,제천RDC,JLN_HP,전라남도 함평군,258.9,345.7,5,5
11R9,제천RDC,JLN_HN,전라남도 해남군,312.0,397.1,5,5
11R9,제천RDC,JLN_HS,전라남도 화순군,260.5,334.8,5,5
11R9,제천RDC,JLB_GC,전라북도 고창군,226.9,289.4,5,5
11R9,제천RDC,JLB_GS,전라북도 군산시,183.7,236.0,4,4
11R9,제천RDC,JLB_GJ,전라북도 김제시,193.1,247.4,5,5
11R9,제천RDC,JLB_NO,전라북도 남원시,223.4,283.5,5,5
11R9,제천RDC,JLB_MJ,전라북도 무주군,160.5,207.8,5,5
11R9,제천RDC,JLB_BO,전라북도 부안군,205.8,267.8,5,5
11R9,제천RDC,JLB_SC,전라북도 순창군,225.6,288.4,5,5
11R9,제천RDC,JLB_OJ,전라북도 완주군,174.3,223.9,5,5
11R9,제천RDC,JLB_OS,전라북도 익산시,177.9,223.9,5,5
11R9,제천RDC,JLB_OS2,전라북도 임실군,201.0,259.0,5,5
11R9,제천RDC,JLB_JS,전라북도 장수군,191.0,245.9,5,5
11R9,제천RDC,JLB_JJDJ,전라북도 전주시 덕진구,183.6,230.4,5,5
11R9,제천RDC,JLB_JJOS,전라북도 전주시 완산구,187.3,232.9,5,5
11R9,제천RDC,JLB_JO,전라북도 정읍시,204.0,263.8,5,5
11R9,제천RDC,JLB_JO2,전라북도 진안군,185.6,230.3,5,5
11R9,제천RDC,CCN_GR,충청남도 계룡시,136.5,173.4,5,5
11R9,제천RDC,CCN_GJ,충청남도 공주시,127.5,158.4,4,4
11R9,제천RDC,CCN_GS,충청남도 금산군,141.6,184.2,5,5
11R9,제천RDC,CCN_NS,충청남도 논산시,158.0,196.5,5,5
11R9,제천RDC,CCN_DJ,충청남도 당진시,136.4,173.6,4,4
11R9,제천RDC,CCN_BR,충청남도 보령시,182.1,219.7,4,4
11R9,제천RDC,CCN_BO,충청남도 부여군,157.1,189.2,4,4
11R9,제천RDC,CCN_SS,충청남도 서산시,152.9,194.5,4,4
11R9,제천RDC,CCN_SC,충청남도 서천군,181.7,234.1,4,4
11R9,제천RDC,CCN_OS,충청남도 아산시,121.4,140.9,4,4
11R9,제천RDC,CCN_OS2,충청남도 예산군,143.8,162.6,4,4
11R9,제천RDC,CCN_CODN,충청남도 천안시 동남구,105.6,125.0,4,4
11R9,제천RDC,CCN_COSB,충청남도 천안시 서북구,98.4,119.2,3,4
11R9,제천RDC,CCN_CO,충청남도 청양군,161.4,194.4,4,4
11R9,제천RDC,CCN_TO,충청남도 태안군,170.9,212.6,4,4
11R9,제천RDC,CCN_HS,충청남도 홍성군,161.9,194.3,4,4
11R9,제천RDC,CCB_GS,충청북도 괴산군,72.9,80.7,2,2
11R9,제천RDC,CCB_DO,충청북도 단양군,28.3,24.0,1,1
11R9,제천RDC,CCB_BO,충청북도 보은군,113.6,125.5,5,5
11R9,제천RDC,CCB_OD,충청북도 영동군,154.2,169.3,5,5
11R9,제천RDC,CCB_OC,충청북도 옥천군,128.4,164.0,5,5
11R9,제천RDC,CCB_OS,충청북도 음성군,60.0,67.1,2,2
11R9,제천RDC,CCB_JC,충청북도 제천시,8.3,5.1,1,1
11R9,제천RDC,CCB_JP,충청북도 증평군,76.4,85.3,3,3
11R9,제천RDC,CCB_JC2,충청북도 진천군,73.5,90.5,3,3
11R9,제천RDC,CCB_CJSD,충청북도 청주시 상당구,101.8,112.7,4,4
11R9,제천RDC,CCB_CJSO,충청북도 청주시 서원구,97.6,107.7,4,4
11R9,제천RDC,CCB_CJCO,충청북도 청주시 청원구,94.3,105.3,4,4
11R9,제천RDC,CCB_CJHD,충청북도 청주시 흥덕구,96.0,120.4,4,4
11R9,제천RDC,CCB_CJ,충청북도 충주시,40.4,43.7,1,1
11RD,칠곡RDC,GWO_GR,강원도 강릉시,259.2,340.9,5,5
11RD,칠곡RDC,GWO_GS,강원도 고성군,318.0,402.4,5,5
11RD,칠곡RDC,GWO_DH,강원도 동해시,226.1,241.6,3,2
11RD,칠곡RDC,GWO_SC,강원도 삼척시,222.9,235.0,3,2
11RD,칠곡RDC,GWO_SC2,강원도 속초시,292.5,373.7,5,5
11RD,칠곡RDC,GWO_O,강원도 양구군,258.6,336.7,5,5
11RD,칠곡RDC,GWO_OO,강원도 양양군,274.5,357.6,5,5
11RD,칠곡RDC,GWO_OO2,강원도 영월군,167.7,205.0,4,4
11RD,칠곡RDC,GWO_OJ,강원도 원주시,163.8,202.9,5,5
11RD,칠곡RDC,GWO_OJ2,강원도 인제군,252.5,321.7,5,5
11RD,칠곡RDC,GWO_JS,강원도 정선군,204.5,219.9,4,3
11RD,칠곡RDC,GWO_CO,강원도 철원군,237.7,313.8,5,5
11RD,칠곡RDC,GWO_CC,강원도 춘천시,226.2,297.1,5,5
11RD,칠곡RDC,GWO_TB,강원도 태백시,173.2,191.8,3,2
11RD,칠곡RDC,GWO_PC,강원도 평창군,190.3,222.0,4,4
11RD,칠곡RDC,GWO_HC,강원도 홍천군,203.2,269.7,5,5
11RD,칠곡RDC,GWO_HC2,강원도 화천군,249.3,325.9,5,5
11RD,칠곡RDC,GWO_HS,강원도 횡성군,177.5,226.3,5,5
11RD,칠곡RDC,GGI_GP,경기도 가평군,206.4,268.7,5,5
11RD,칠곡RDC,GGI_GODO,경기도 고양시 덕양구,220.0,295.6,5,5
11RD,칠곡RDC,GGI_GOOSD,경기도 고양시 일산동구,220.8,297.6,5,5
11RD,칠곡RDC,GGI_GOOSS,경기도 고양시 일산서구,225.1,301.1,5,5
11RD,칠곡RDC,GGI_GC,경기도 과천시,194.4,263.2,5,5
11RD,칠곡RDC,GGI_GM,경기도 광명시,203.6,267.2,5,5
11RD,칠곡RDC,GGI_GJ,경기도 광주시,171.8,233.5,5,5
11RD,칠곡RDC,GGI_GR,경기도 구리시,188.8,255.5,5,5
11RD,칠곡RDC,GGI_GP2,경기도 군포시,190.3,253.1,5,5
11RD,칠곡RDC,GGI_GP3,경기도 김포시,224.6,293.3,5,5
11RD,칠곡RDC,GGI_NOJ,경기도 남양주시,191.4,255.7,5,5
11RD,칠곡RDC,GGI_DDC,경기도 동두천시,212.6,286.0,5,5
11RD,칠곡RDC,GGI_BCSS,경기도 부천시 소사구,208.8,275.9,5,5
11RD,칠곡RDC,GGI_BCOJ,경기도 부천시 오정구,216.1,276.7,5,5
11RD,칠곡RDC,GGI_BCOM,경기도 부천시 원미구,211.1,277.7,5,5
11RD,칠곡RDC,GGI_SNBD,경기도 성남시 분당구,182.0,242.0,5,5
11RD,칠곡RDC,GGI_SNSJ,경기도 성남시 수정구,182.5,241.4,5,5
11RD,칠곡RDC,GGI_SNJO,경기도 성남시 중원구,179.0,238.5,5,5
11RD,칠곡RDC,GGI_SOGS,경기도 수원시 권선구,187.6,242.5,5,5
11RD,칠곡RDC,GGI_SOOT,경기도 수원시 영통구,183.6,244.1,5,5
11RD,칠곡RDC,GGI_SOJO,경기도 수원시 장안구,182.8,243.8,5,5
11RD,칠곡RDC,GGI_SOPD,경기도 수원시 팔달구,181.2,242.7,5,5
11RD,칠곡RDC,GGI_SH,경기도 시흥시,200.0,268.1,5,5
11RD,칠곡RDC,GGI_OSDO,경기도 안산시 단원구,200.4,265.5,5,5
11RD,칠곡RDC,GGI_OSSR,경기도 안산시 상록구,197.3,261.8,5,5
11RD,칠곡RDC,GGI_OS,경기도 안성시,162.7,214.1,5,5
11RD,칠곡RDC,GGI_OODO,경기도 안양시 동안구,190.2,254.0,5,5
11RD,칠곡RDC,GGI_OOMO,경기도 안양시 만안구,191.6,254.1,5,5
11RD,칠곡RDC,GGI_OJ,경기도 양주시,207.4,278.2,5,5
11RD,칠곡RDC,GGI_OP,경기도 양평군,161.9,221.1,5,5
11RD,칠곡RDC,GGI_OJ2,경기도 여주시,148.4,198.8,5,5
11RD,칠곡RDC,GGI_OC,경기도 연천군,236.0,310.0,5,5
11RD,칠곡RDC,GGI_OS2,경기도 오산시,169.0,224.0,5,5
11RD,칠곡RDC,GGI_OOGH,경기도 용인시 기흥구,180.4,238.5,5,5
11RD,칠곡RDC,GGI_OOSJ,경기도 용인시 수지구,183.0,239.1,5,5
11RD,칠곡RDC,GGI_OOCO,경기도 용인시 처인구,168.0,227.2,5,5
11RD,칠곡RDC,GGI_OO,경기도 의왕시,185.5,248.5,5,5
11RD,칠곡RDC,GGI_OJB,경기도 의정부시,200.7,271.9,5,5
11RD,칠곡RDC,GGI_OC2,경기도 이천시,152.0,203.1,5,5
11RD,칠곡RDC,GGI_PJ,경기도 파주시,222.5,301.0,5,5
11RD,칠곡RDC,GGI_PT,경기도 평택시,160.9,208.9,5,5
11RD,칠곡RDC,GGI_PC,경기도 포천시,207.7,282.7,5,5
11RD,칠곡RDC,GGI_HN,경기도 하남시,179.4,243.8,5,5
11RD,칠곡RDC,GGI_HS,경기도 화성시,195.1,253.5,5,5
11RD,칠곡RDC,GSN_GJ,경상남도 거제시,142.0,180.5,1,1
11RD,칠곡RDC,GSN_GC,경상남도 거창군,68.1,85.7,1,2
11RD,칠곡RDC,GSN_GS,경상남도 고성군,114.3,142.5,1,1
11RD,칠곡RDC,GSN_GH,경상남도 김해시,93.4,116.1,1,1
11RD,칠곡RDC,GSN_NH,경상남도 남해군,144.3,179.8,1,1
11RD,칠곡RDC,GSN_MO,경상남도 밀양시,63.5,82.1,1,1
11RD,칠곡RDC,GSN_SC,경상남도 사천시,114.9,146.3,1,1
11RD,칠곡RDC,GSN_SC2,경상남도 산청군,99.0,125.6,2,2
11RD,칠곡RDC,GSN_OS,경상남도 양산시,91.2,121.1,1,1
11RD,칠곡RDC,GSN_OR,경상남도 의령군,87.3,113.5,1,1
11RD,칠곡RDC,GSN_JJ,경상남도 진주시,95.4,121.4,1,1
11RD,칠곡RDC,GSN_CN,경상남도 창녕군,49.1,61.6,1,1
11RD,칠곡RDC,GSN_COMSHP,경상남도 창원시 마산합포구,81.4,102.7,1,1
11RD,칠곡RDC,GSN_COMSHO,경상남도 창원시 마산회원구,80.0,100.3,1,1
11RD,칠곡RDC,GSN_COSS,경상남도 창원시 성산구,92.3,113.9,1,1
11RD,칠곡RDC,GSN_COOC,경상남도 창원시 의창구,83.0,103.8,1,1
11RD,칠곡RDC,GSN_COJH,경상남도 창원시 진해구,95.5,118.4,1,1
11RD,칠곡RDC,GSN_TO,경상남도 통영시,128.2,160.7,1,1
11RD,칠곡RDC,GSN_HD,경상남도 하동군,133.6,163.2,1,2
11RD,칠곡RDC,GSN_HO,경상남도 함안군,84.0,106.7,1,1
11RD,칠곡RDC,GSN_HO2,경상남도 함양군,91.1,113.1,2,2
11RD,칠곡RDC,GSN_HC,경상남도 합천군,57.1,71.5,1,1
11RD,칠곡RDC,GSB_GS,경상북도 경산시,38.0,43.5,1,1
11RD,칠곡RDC,GSB_GJ,경상북도 경주시,76.5,93.2,1,1
11RD,칠곡RDC,GSB_GR,경상북도 고령군,43.5,49.7,1,1
11RD,칠곡RDC,GSB_GM,경상북도 구미시,26.6,28.0,1,1
11RD,칠곡RDC,GSB_GC,경상북도 김천시,44.5,43.7,1,1
11RD,칠곡RDC,GSB_MG,경상북도 문경시,74.0,91.7,1,1
11RD,칠곡RDC,GSB_BH,경상북도 봉화군,116.0,136.4,2,2
11RD,칠곡RDC,GSB_SJ,경상북도 상주시,62.9,73.9,1,1
11RD,칠곡RDC,GSB_SJ2,경상북도 성주군,21.9,22.9,1,1
11RD,칠곡RDC,GSB_OD,경상북도 안동시,82.0,90.4,1,1
11RD,칠곡RDC,GSB_OD2,경상북도 영덕군,119.9,144.5,1,1
11RD,칠곡RDC,GSB_OO,경상북도 영양군,119.5,138.3,1,1
11RD,칠곡RDC,GSB_OJ,경상북도 영주시,98.8,119.9,2,2
11RD,칠곡RDC,GSB_OC,경상북도 영천시,55.8,60.2,1,1
11RD,칠곡RDC,GSB_OC2,경상북도 예천군,91.4,109.2,2,2
11RD,칠곡RDC,GSB_OR,경상북도 울릉군,296.7,316.7,2,2
11RD,칠곡RDC,GSB_OJ2,경상북도 울진군,184.2,213.9,2,2
11RD,칠곡RDC,GSB_OS,경상북도 의성군,61.6,67.5,1,1
11RD,칠곡RDC,GSB_CD,경상북도 청도군,49.5,62.1,1,1
11RD,칠곡RDC,GSB_CS,경상북도 청송군,92.2,109.9,1,1
11RD,칠곡RDC,GSB_CG,경상북도 칠곡군,11.4,9.0,1,1
11RD,칠곡RDC,GSB_PHN,경상북도 포항시 남구,84.2,101.6,1,1
11RD,칠곡RDC,GSB_PHB,경상북도 포항시 북구,82.3,101.2,1,1
11RD,칠곡RDC,GWJ_GS,광주광역시 광산구,172.3,222.8,3,3
11RD,칠곡RDC,GWJ_N,광주광역시 남구,165.9,212.1,3,3
11RD,칠곡RDC,GWJ_D,광주광역시 동구,164.0,210.2,3,3
11RD,칠곡RDC,GWJ_B,광주광역시 북구,161.8,208.4,3,3
11RD,칠곡RDC,GWJ_S,광주광역시 서구,166.0,213.0,3,3
11RD,칠곡RDC,DAE_GO,대구광역시 군위군,43.5,44.5,1,1
11RD,칠곡RDC,DAE_N,대구광역시 남구,26.0,25.0,1,1
11RD,칠곡RDC,DAE_DS,대구광역시 달서구,22.4,22.0,1,1
11RD,칠곡RDC,DAE_DS2,대구광역시 달성군,29.6,32.4,1,1
11RD,칠곡RDC,DAE_D,대구광역시 동구,25.3,26.4,1,1
11RD,칠곡RDC,DAE_B,대구광역시 북구,21.6,20.3,1,1
11RD,칠곡RDC,DAE_S,대구광역시 서구,19.4,18.9,1,1
11RD,칠곡RDC,DAE_SS,대구광역시 수성구,27.0,28.8,1,1
11RD,칠곡RDC,DAE_J,대구광역시 중구,23.5,22.6,1,1
11RD,칠곡RDC,DJN_DD,대전광역시 대덕구,103.1,129.8,4,4
11RD,칠곡RDC,DJN_D,대전광역시 동구,99.3,126.5,4,4
11RD,칠곡RDC,DJN_S,대전광역시 서구,105.2,132.5,4,4
11RD,칠곡RDC,DJN_OS,대전광역시 유성구,109.2,135.6,4,4
11RD,칠곡RDC,DJN_J,대전광역시 중구,102.1,129.7,4,4
11RD,칠곡RDC,BUS_GS,부산광역시 강서구,90.8,121.2,1,1
11RD,칠곡RDC,BUS_GJ,부산광역시 금정구,97.3,130.6,1,1
11RD,칠곡RDC,BUS_GJ2,부산광역시 기장군,109.3,141.5,1,1
11RD,칠곡RDC,BUS_N,부산광역시 남구,102.6,136.0,1,1
11RD,칠곡RDC,BUS_D,부산광역시 동구,99.0,133.4,1,1
11RD,칠곡RDC,BUS_DR,부산광역시 동래구,98.6,130.4,1,1
11RD,칠곡RDC,BUS_BSJ,부산광역시 부산진구,98.3,130.7,1,1
11RD,칠곡RDC,BUS_B,부산광역시 북구,93.7,123.9,1,1
11RD,칠곡RDC,BUS_SS,부산광역시 사상구,95.4,128.1,1,1
11RD,칠곡RDC,BUS_SH,부산광역시 사하구,100.3,133.3,1,1
11RD,칠곡RDC,BUS_S,부산광역시 서구,103.4,137.6,1,1
11RD,칠곡RDC,BUS_SO,부산광역시 수영구,106.0,139.0,1,1
11RD,칠곡RDC,BUS_OJ,부산광역시 연제구,101.1,133.3,1,1
11RD,칠곡RDC,BUS_OD,부산광역시 영도구,107.6,140.5,1,1
11RD,칠곡RDC,BUS_J,부산광역시 중구,102.3,135.8,1,1
11RD,칠곡RDC,BUS_HOD,부산광역시 해운대구,108.9,140.2,1,1
11RD,칠곡RDC,SEO_GN,서울특별시 강남구,193.4,259.6,5,5
11RD,칠곡RDC,SEO_GD,서울특별시 강동구,186.1,251.7,5,5
11RD,칠곡RDC,SEO_GB,서울특별시 강북구,200.6,266.5,5,5
11RD,칠곡RDC,SEO_GS,서울특별시 강서구,210.8,280.1,5,5
11RD,칠곡RDC,SEO_GO,서울특별시 관악구,196.8,264.8,5,5
11RD,칠곡RDC,SEO_GJ,서울특별시 광진구,190.0,255.8,5,5
11RD,칠곡RDC,SEO_GR,서울특별시 구로구,203.6,271.6,5,5
11RD,칠곡RDC,SEO_GC,서울특별시 금천구,200.5,263.3,5,5
11RD,칠곡RDC,SEO_NO,서울특별시 노원구,198.3,265.0,5,5
11RD,칠곡RDC,SEO_DB,서울특별시 도봉구,200.4,270.7,5,5
11RD,칠곡RDC,SEO_DDM,서울특별시 동대문구,194.7,260.3,5,5
11RD,칠곡RDC,SEO_DJ,서울특별시 동작구,198.1,266.8,5,5
11RD,칠곡RDC,SEO_MP,서울특별시 마포구,206.9,274.3,5,5
11RD,칠곡RDC,SEO_SDM,서울특별시 서대문구,205.8,271.0,5,5
11RD,칠곡RDC,SEO_SC,서울특별시 서초구,189.4,257.5,5,5
11RD,칠곡RDC,SEO_SD,서울특별시 성동구,194.8,260.9,5,5
11RD,칠곡RDC,SEO_SB,서울특별시 성북구,197.4,263.4,5,5
11RD,칠곡RDC,SEO_SP,서울특별시 송파구,187.5,253.4,5,5
11RD,칠곡RDC,SEO_OC,서울특별시 양천구,206.6,275.3,5,5
11RD,칠곡RDC,SEO_ODP,서울특별시 영등포구,204.9,272.4,5,5
11RD,칠곡RDC,SEO_OS,서울특별시 용산구,196.6,264.8,5,5
11RD,칠곡RDC,SEO_OP,서울특별시 은평구,207.6,272.3,5,5
11RD,칠곡RDC,SEO_JR,서울특별시 종로구,200.4,266.1,5,5
11RD,칠곡RDC,SEO_J,서울특별시 중구,198.3,264.3,5,5
11RD,칠곡RDC,SEO_JR2,서울특별시 중랑구,192.1,258.7,5,5
11RD,칠곡RDC,SEJ_SJ,세종특별자치시 세종특별자치시,119.7,148.5,5,5
11RD,칠곡RDC,ULS_N,울산광역시 남구,107.3,134.8,1,1
11RD,칠곡RDC,ULS_D,울산광역시 동구,112.2,133.0,1,1
11RD,칠곡RDC,ULS_B,울산광역시 북구,102.9,120.1,1,1
11RD,칠곡RDC,ULS_OJ,울산광역시 울주군,96.5,123.5,1,1
11RD,칠곡RDC,ULS_J,울산광역시 중구,104.5,121.6,1,1
11RD,칠곡RDC,ICN_GH,인천광역시 강화군,246.7,318.0,5,5
11RD,칠곡RDC,ICN_GO,인천광역시 계양구,215.2,287.1,5,5
11RD,칠곡RDC,ICN_ND,인천광역시 남동구,207.8,278.1,5,5
11RD,칠곡RDC,ICN_D,인천광역시 동구,216.8,287.8,5,5
11RD,칠곡RDC,ICN_MCH,인천광역시 미추홀구,215.1,286.5,5,5
11RD,칠곡RDC,ICN_BP,인천광역시 부평구,212.9,283.5,5,5
11RD,칠곡RDC,ICN_S,인천광역시 서구,221.6,293.6,5,5
11RD,칠곡RDC,ICN_OS,인천광역시 연수구,210.0,279.6,5,5
11RD,칠곡RDC,ICN_J,인천광역시 중구,216.6,289.4,5,5
11RD,칠곡RDC,JLN_GJ,전라남도 강진군,220.3,284.1,3,3
11RD,칠곡RDC,JLN_GH,전라남도 고흥군,196.2,250.3,3,3
11RD,칠곡RDC,JLN_GO,전라남도 광양시,140.1,177.7,1,2
11RD,칠곡RDC,JLN_GR,전라남도 구례군,144.9,180.1,3,3
11RD,칠곡RDC,JLN_NJ,전라남도 나주시,189.7,240.4,3,3
11RD,칠곡RDC,JLN_DO,전라남도 담양군,151.0,190.9,3,3
11RD,칠곡RDC,JLN_MP,전라남도 목포시,220.2,286.4,4,3
11RD,칠곡RDC,JLN_MO,전라남도 무안군,201.9,260.2,4,3
11RD,칠곡RDC,JLN_BS,전라남도 보성군,191.3,247.5,3,3
11RD,칠곡RDC,JLN_SC,전라남도 순천시,156.0,198.0,3,3
11RD,칠곡RDC,JLN_OS,전라남도 여수시,167.7,199.6,2,3
11RD,칠곡RDC,JLN_OG,전라남도 영광군,194.7,254.3,4,4
11RD,칠곡RDC,JLN_OO,전라남도 영암군,212.5,265.0,3,3
11RD,칠곡RDC,JLN_OD,전라남도 완도군,260.9,328.8,3,3
11RD,칠곡RDC,JLN_JS,전라남도 장성군,168.6,218.3,4,4
11RD,칠곡RDC,JLN_JH,전라남도 장흥군,205.7,267.5,3,3
11RD,칠곡RDC,JLN_JD,전라남도 진도군,270.8,332.8,4,3
11RD,칠곡RDC,JLN_HP,전라남도 함평군,194.9,251.1,4,3
11RD,칠곡RDC,JLN_HN,전라남도 해남군,237.2,309.8,3,3
11RD,칠곡RDC,JLN_HS,전라남도 화순군,174.0,222.2,3,3
11RD,칠곡RDC,JLB_GC,전라북도 고창군,179.6,233.6,4,4
11RD,칠곡RDC,JLB_GS,전라북도 군산시,184.0,244.3,5,5
11RD,칠곡RDC,JLB_GJ,전라북도 김제시,169.1,215.8,4,4
11RD,칠곡RDC,JLB_NO,전라북도 남원시,115.9,150.1,3,3
11RD,칠곡RDC,JLB_MJ,전라북도 무주군,98.7,117.0,3,3
11RD,칠곡RDC,JLB_BO,전라북도 부안군,183.5,234.1,4,4
11RD,칠곡RDC,JLB_SC,전라북도 순창군,135.3,175.5,3,3
11RD,칠곡RDC,JLB_OJ,전라북도 완주군,150.4,193.8,4,4
11RD,칠곡RDC,JLB_OS,전라북도 익산시,163.9,203.5,4,4
11RD,칠곡RDC,JLB_OS2,전라북도 임실군,144.4,178.9,4,3
11RD,칠곡RDC,JLB_JS,전라북도 장수군,119.5,149.9,3,3
11RD,칠곡RDC,JLB_JJDJ,전라북도 전주시 덕진구,153.8,193.4,4,4
11RD,칠곡RDC,JLB_JJOS,전라북도 전주시 완산구,156.0,195.7,4,4
11RD,칠곡RDC,JLB_JO,전라북도 정읍시,179.5,221.7,4,4
11RD,칠곡RDC,JLB_JO2,전라북도 진안군,124.3,159.2,3,3
11RD,칠곡RDC,CCN_GR,충청남도 계룡시,120.7,151.4,4,4
11RD,칠곡RDC,CCN_GJ,충청남도 공주시,131.7,167.7,5,5
11RD,칠곡RDC,CCN_GS,충청남도 금산군,110.1,125.2,4,3
11RD,칠곡RDC,CCN_NS,충청남도 논산시,141.8,173.4,4,4
11RD,칠곡RDC,CCN_DJ,충청남도 당진시,180.6,237.4,5,5
11RD,칠곡RDC,CCN_BR,충청남도 보령시,182.9,229.2,5,5
11RD,칠곡RDC,CCN_BO,충청남도 부여군,158.8,191.2,5,5
11RD,칠곡RDC,CCN_SS,충청남도 서산시,191.8,250.8,5,5
11RD,칠곡RDC,CCN_SC,충청남도 서천군,182.0,242.5,5,5
11RD,칠곡RDC,CCN_OS,충청남도 아산시,152.8,195.5,5,5
11RD,칠곡RDC,CCN_OS2,충청남도 예산군,160.8,208.1,5,5
11RD,칠곡RDC,CCN_CODN,충청남도 천안시 동남구,146.1,186.1,5,5
11RD,칠곡RDC,CCN_COSB,충청남도 천안시 서북구,152.3,192.5,5,5
11RD,칠곡RDC,CCN_CO,충청남도 청양군,162.2,204.0,5,5
11RD,칠곡RDC,CCN_TO,충청남도 태안군,209.9,269.0,5,5
11RD,칠곡RDC,CCN_HS,충청남도 홍성군,172.0,221.6,5,5
11RD,칠곡RDC,CCB_GS,충청북도 괴산군,108.3,137.8,5,5
11RD,칠곡RDC,CCB_DO,충청북도 단양군,131.3,153.9,3,3
11RD,칠곡RDC,CCB_BO,충청북도 보은군,90.5,114.6,4,4
11RD,칠곡RDC,CCB_OD,충청북도 영동군,74.1,90.3,3,3
11RD,칠곡RDC,CCB_OC,충청북도 옥천군,93.1,115.5,4,4
11RD,칠곡RDC,CCB_OS,충청북도 음성군,124.6,155.9,5,5
11RD,칠곡RDC,CCB_JC,충청북도 제천시,144.2,179.2,4,4
11RD,칠곡RDC,CCB_JP,충청북도 증평군,126.7,160.6,5,5
11RD,칠곡RDC,CCB_JC2,충청북도 진천군,137.8,183.9,5,5
11RD,칠곡RDC,CCB_CJSD,충청북도 청주시 상당구,109.7,141.5,5,5
11RD,칠곡RDC,CCB_CJSO,충청북도 청주시 서원구,118.7,153.0,5,5
11RD,칠곡RDC,CCB_CJCO,충청북도 청주시 청원구,118.9,148.5,5,5
11RD,칠곡RDC,CCB_CJHD,충청북도 청주시 흥덕구,115.0,151.9,5,5
11RD,칠곡RDC,CCB_CJ,충청북도 충주시,123.5,151.4,4,5
11RE,중부RDC,GWO_GR,강원도 강릉시,243.9,312.3,4,4
11RE,중부RDC,GWO_GS,강원도 고성군,305.0,377.3,4,4
11RE,중부RDC,GWO_DH,강원도 동해시,268.6,347.7,5,5
11RE,중부RDC,GWO_SC,강원도 삼척시,270.3,325.2,5,5
11RE,중부RDC,GWO_SC2,강원도 속초시,279.5,348.7,4,4
11RE,중부RDC,GWO_O,강원도 양구군,243.2,308.3,4,4
11RE,중부RDC,GWO_OO,강원도 양양군,261.5,332.6,4,4
11RE,중부RDC,GWO_OO2,강원도 영월군,176.3,217.1,5,5
11RE,중부RDC,GWO_OJ,강원도 원주시,154.5,196.5,4,4
11RE,중부RDC,GWO_OJ2,강원도 인제군,239.5,296.7,4,4
11RE,중부RDC,GWO_JS,강원도 정선군,216.4,253.2,5,5
11RE,중부RDC,GWO_CO,강원도 철원군,210.6,267.9,4,4
11RE,중부RDC,GWO_CC,강원도 춘천시,206.0,266.6,4,4
11RE,중부RDC,GWO_TB,강원도 태백시,223.2,250.7,5,4
11RE,중부RDC,GWO_PC,강원도 평창군,199.1,235.8,5,5
11RE,중부RDC,GWO_HC,강원도 홍천군,190.2,244.7,4,4
11RE,중부RDC,GWO_HC2,강원도 화천군,233.9,297.5,4,4
11RE,중부RDC,GWO_HS,강원도 횡성군,165.1,212.2,4,4
11RE,중부RDC,GGI_GP,경기도 가평군,188.2,238.5,4,4
11RE,중부RDC,GGI_GODO,경기도 고양시 덕양구,176.5,216.1,4,4
11RE,중부RDC,GGI_GOOSD,경기도 고양시 일산동구,179.4,220.1,4,4
11RE,중부RDC,GGI_GOOSS,경기도 고양시 일산서구,183.2,224.5,4,4
11RE,중부RDC,GGI_GC,경기도 과천시,150.2,191.5,4,4
11RE,중부RDC,GGI_GM,경기도 광명시,160.0,200.5,4,4
11RE,중부RDC,GGI_GJ,경기도 광주시,131.7,174.7,4,4
11RE,중부RDC,GGI_GR,경기도 구리시,148.7,196.7,4,4
11RE,중부RDC,GGI_GP2,경기도 군포시,147.8,177.3,4,4
11RE,중부RDC,GGI_GP3,경기도 김포시,180.4,221.5,4,4
11RE,중부RDC,GGI_NOJ,경기도 남양주시,154.3,200.6,4,4
11RE,중부RDC,GGI_DDC,경기도 동두천시,182.2,233.2,4,4
11RE,중부RDC,GGI_BCSS,경기도 부천시 소사구,166.6,206.9,4,4
11RE,중부RDC,GGI_BCOJ,경기도 부천시 오정구,172.5,210.0,4,4
11RE,중부RDC,GGI_BCOM,경기도 부천시 원미구,169.0,206.0,4,4
11RE,중부RDC,GGI_SNBD,경기도 성남시 분당구,139.7,175.9,4,4
11RE,중부RDC,GGI_SNSJ,경기도 성남시 수정구,142.3,182.6,4,4
11RE,중부RDC,GGI_SNJO,경기도 성남시 중원구,138.9,179.8,4,4
11RE,중부RDC,GGI_SOGS,경기도 수원시 권선구,136.0,165.0,4,4
11RE,중부RDC,GGI_SOOT,경기도 수원시 영통구,132.7,161.5,4,4
11RE,중부RDC,GGI_SOJO,경기도 수원시 장안구,136.7,166.3,4,4
11RE,중부RDC,GGI_SOPD,경기도 수원시 팔달구,135.3,164.1,4,4
11RE,중부RDC,GGI_SH,경기도 시흥시,158.0,196.5,4,4
11RE,중부RDC,GGI_OSDO,경기도 안산시 단원구,150.9,181.3,4,4
11RE,중부RDC,GGI_OSSR,경기도 안산시 상록구,147.8,177.6,4,4
11RE,중부RDC,GGI_OS,경기도 안성시,111.1,136.6,4,4
11RE,중부RDC,GGI_OODO,경기도 안양시 동안구,147.6,178.2,4,4
11RE,중부RDC,GGI_OOMO,경기도 안양시 만안구,149.0,178.2,4,4
11RE,중부RDC,GGI_OJ,경기도 양주시,167.3,219.5,4,4
11RE,중부RDC,GGI_OP,경기도 양평군,149.4,181.2,4,4
11RE,중부RDC,GGI_OJ2,경기도 여주시,132.8,166.0,4,4
11RE,중부RDC,GGI_OC,경기도 연천군,206.4,257.7,4,4
11RE,중부RDC,GGI_OS2,경기도 오산시,117.4,146.4,4,4
11RE,중부RDC,GGI_OOGH,경기도 용인시 기흥구,131.6,162.0,4,4
11RE,중부RDC,GGI_OOSJ,경기도 용인시 수지구,135.0,166.2,4,4
11RE,중부RDC,GGI_OOCO,경기도 용인시 처인구,129.9,168.5,4,4
11RE,중부RDC,GGI_OO,경기도 의왕시,142.9,172.7,4,4
11RE,중부RDC,GGI_OJB,경기도 의정부시,160.5,213.1,4,4
11RE,중부RDC,GGI_OC2,경기도 이천시,120.2,150.4,4,4
11RE,중부RDC,GGI_PJ,경기도 파주시,182.3,242.2,4,4
11RE,중부RDC,GGI_PT,경기도 평택시,109.3,131.4,4,4
11RE,중부RDC,GGI_PC,경기도 포천시,180.6,236.8,4,4
11RE,중부RDC,GGI_HN,경기도 하남시,139.3,185.0,4,4
11RE,중부RDC,GGI_HS,경기도 화성시,143.6,175.9,4,4
11RE,중부RDC,GSN_GJ,경상남도 거제시,171.8,213.9,2,2
11RE,중부RDC,GSN_GC,경상남도 거창군,84.8,84.6,2,1
11RE,중부RDC,GSN_GS,경상남도 고성군,142.3,178.1,2,2
11RE,중부RDC,GSN_GH,경상남도 김해시,184.7,225.9,2,2
11RE,중부RDC,GSN_NH,경상남도 남해군,160.5,194.5,2,2
11RE,중부RDC,GSN_MO,경상남도 밀양시,164.9,199.8,2,2
11RE,중부RDC,GSN_SC,경상남도 사천시,132.0,161.3,2,2
11RE,중부RDC,GSN_SC2,경상남도 산청군,88.3,105.5,1,1
11RE,중부RDC,GSN_OS,경상남도 양산시,192.6,238.8,2,2
11RE,중부RDC,GSN_OR,경상남도 의령군,129.3,158.1,2,2
11RE,중부RDC,GSN_JJ,경상남도 진주시,121.2,144.4,2,2
11RE,중부RDC,GSN_CN,경상남도 창녕군,143.5,158.9,2,2
11RE,중부RDC,GSN_COMSHP,경상남도 창원시 마산합포구,157.8,200.8,2,2
11RE,중부RDC,GSN_COMSHO,경상남도 창원시 마산회원구,159.5,193.0,2,2
11RE,중부RDC,GSN_COSS,경상남도 창원시 성산구,169.0,213.7,2,2
11RE,중부RDC,GSN_COOC,경상남도 창원시 의창구,163.7,199.3,2,2
11RE,중부RDC,GSN_COJH,경상남도 창원시 진해구,171.1,216.9,2,2
11RE,중부RDC,GSN_TO,경상남도 통영시,153.3,194.1,2,2
11RE,중부RDC,GSN_HD,경상남도 하동군,142.5,157.8,2,1
11RE,중부RDC,GSN_HO,경상남도 함안군,146.5,176.5,2,2
11RE,중부RDC,GSN_HO2,경상남도 함양군,80.8,92.6,1,1
11RE,중부RDC,GSN_HC,경상남도 합천군,120.9,120.9,2,2
11RE,중부RDC,GSB_GS,경상북도 경산시,139.3,161.2,2,2
11RE,중부RDC,GSB_GJ,경상북도 경주시,177.9,211.0,2,2
11RE,중부RDC,GSB_GR,경상북도 고령군,117.4,122.4,2,2
11RE,중부RDC,GSB_GM,경상북도 구미시,93.0,96.4,2,2
11RE,중부RDC,GSB_GC,경상북도 김천시,74.3,74.4,2,2
11RE,중부RDC,GSB_MG,경상북도 문경시,105.2,126.1,3,3
11RE,중부RDC,GSB_BH,경상북도 봉화군,166.1,195.2,4,4
11RE,중부RDC,GSB_SJ,경상북도 상주시,84.5,103.2,2,2
11RE,중부RDC,GSB_SJ2,경상북도 성주군,108.1,111.2,2,2
11RE,중부RDC,GSB_OD,경상북도 안동시,136.7,165.1,3,3
11RE,중부RDC,GSB_OD2,경상북도 영덕군,175.4,222.6,3,3
11RE,중부RDC,GSB_OO,경상북도 영양군,173.0,213.2,3,3
11RE,중부RDC,GSB_OJ,경상북도 영주시,148.9,178.7,4,4
11RE,중부RDC,GSB_OC,경상북도 영천시,152.5,190.1,2,3
11RE,중부RDC,GSB_OC2,경상북도 예천군,127.6,150.8,3,3
11RE,중부RDC,GSB_OR,경상북도 울릉군,395.7,446.2,4,4
11RE,중부RDC,GSB_OJ2,경상북도 울진군,239.8,292.0,4,4
11RE,중부RDC,GSB_OS,경상북도 의성군,126.0,157.6,3,3
11RE,중부RDC,GSB_CD,경상북도 청도군,150.9,179.8,2,2
11RE,중부RDC,GSB_CS,경상북도 청송군,145.7,184.8,3,3
11RE,중부RDC,GSB_CG,경상북도 칠곡군,104.0,104.7,2,2
11RE,중부RDC,GSB_PHN,경상북도 포항시 남구,180.3,232.1,2,3
11RE,중부RDC,GSB_PHB,경상북도 포항시 북구,181.3,230.7,3,3
11RE,중부RDC,GWJ_GS,광주광역시 광산구,151.9,165.8,2,2
11RE,중부RDC,GWJ_N,광주광역시 남구,147.3,157.9,2,2
11RE,중부RDC,GWJ_D,광주광역시 동구,145.4,156.0,2,2
11RE,중부RDC,GWJ_B,광주광역시 북구,143.3,154.2,2,2
11RE,중부RDC,GWJ_S,광주광역시 서구,147.4,158.9,2,2
11RE,중부RDC,DAE_GO,대구광역시 군위군,122.6,149.6,3,3
11RE,중부RDC,DAE_N,대구광역시 남구,127.4,142.7,2,2
11RE,중부RDC,DAE_DS,대구광역시 달서구,123.8,139.7,2,2
11RE,중부RDC,DAE_DS2,대구광역시 달성군,130.2,139.2,2,2
11RE,중부RDC,DAE_D,대구광역시 동구,126.7,144.1,2,2
11RE,중부RDC,DAE_B,대구광역시 북구,123.0,138.0,2,2
11RE,중부RDC,DAE_S,대구광역시 서구,120.8,136.6,2,2
11RE,중부RDC,DAE_SS,대구광역시 수성구,128.4,146.6,2,2
11RE,중부RDC,DAE_J,대구광역시 중구,124.8,140.3,2,2
11RE,중부RDC,DJN_DD,대전광역시 대덕구,34.2,35.2,2,2
11RE,중부RDC,DJN_D,대전광역시 동구,28.6,29.5,2,2
11RE,중부RDC,DJN_S,대전광역시 서구,37.4,38.2,2,2
11RE,중부RDC,DJN_OS,대전광역시 유성구,41.1,40.9,2,2
11RE,중부RDC,DJN_J,대전광역시 중구,31.3,32.5,2,2
11RE,중부RDC,BUS_GS,부산광역시 강서구,189.1,233.1,2,2
11RE,중부RDC,BUS_GJ,부산광역시 금정구,196.9,245.0,2,2
11RE,중부RDC,BUS_GJ2,부산광역시 기장군,210.6,259.3,2,2
11RE,중부RDC,BUS_N,부산광역시 남구,200.8,247.9,2,2
11RE,중부RDC,BUS_D,부산광역시 동구,197.3,245.3,2,2
11RE,중부RDC,BUS_DR,부산광역시 동래구,195.4,242.1,2,2
11RE,중부RDC,BUS_BSJ,부산광역시 부산진구,196.6,242.6,2,2
11RE,중부RDC,BUS_B,부산광역시 북구,190.8,237.4,2,2
11RE,중부RDC,BUS_SS,부산광역시 사상구,190.0,242.1,2,2
11RE,중부RDC,BUS_SH,부산광역시 사하구,189.0,241.8,2,2
11RE,중부RDC,BUS_S,부산광역시 서구,195.1,248.1,2,2
11RE,중부RDC,BUS_SO,부산광역시 수영구,204.3,250.9,2,2
11RE,중부RDC,BUS_OJ,부산광역시 연제구,198.0,244.5,2,2
11RE,중부RDC,BUS_OD,부산광역시 영도구,201.5,253.1,2,2
11RE,중부RDC,BUS_J,부산광역시 중구,195.9,248.5,2,2
11RE,중부RDC,BUS_HOD,부산광역시 해운대구,205.6,251.9,2,2
11RE,중부RDC,SEO_GN,서울특별시 강남구,149.9,190.3,4,4
11RE,중부RDC,SEO_GD,서울특별시 강동구,146.0,193.0,4,4
11RE,중부RDC,SEO_GB,서울특별시 강북구,160.5,207.7,4,4
11RE,중부RDC,SEO_GS,서울특별시 강서구,166.6,208.3,4,4
11RE,중부RDC,SEO_GO,서울특별시 관악구,152.6,193.0,4,4
11RE,중부RDC,SEO_GJ,서울특별시 광진구,149.8,197.0,4,4
11RE,중부RDC,SEO_GR,서울특별시 구로구,159.4,199.8,4,4
11RE,중부RDC,SEO_GC,서울특별시 금천구,157.3,196.8,4,4
11RE,중부RDC,SEO_NO,서울특별시 노원구,158.2,206.2,4,4
11RE,중부RDC,SEO_DB,서울특별시 도봉구,160.3,212.0,4,4
11RE,중부RDC,SEO_DDM,서울특별시 동대문구,154.6,201.5,4,4
11RE,중부RDC,SEO_DJ,서울특별시 동작구,153.9,195.1,4,4
11RE,중부RDC,SEO_MP,서울특별시 마포구,162.7,202.5,4,4
11RE,중부RDC,SEO_SDM,서울특별시 서대문구,161.7,202.2,4,4
11RE,중부RDC,SEO_SC,서울특별시 서초구,145.2,185.7,4,4
11RE,중부RDC,SEO_SD,서울특별시 성동구,154.6,202.1,4,4
11RE,중부RDC,SEO_SB,서울특별시 성북구,157.2,204.6,4,4
11RE,중부RDC,SEO_SP,서울특별시 송파구,147.4,194.6,4,4
11RE,중부RDC,SEO_OC,서울특별시 양천구,162.4,203.5,4,4
11RE,중부RDC,SEO_ODP,서울특별시 영등포구,160.7,200.6,4,4
11RE,중부RDC,SEO_OS,서울특별시 용산구,152.4,193.0,4,4
11RE,중부RDC,SEO_OP,서울특별시 은평구,163.4,203.5,4,4
11RE,중부RDC,SEO_JR,서울특별시 종로구,156.6,196.9,4,4
11RE,중부RDC,SEO_J,서울특별시 중구,155.1,195.8,4,4
11RE,중부RDC,SEO_JR2,서울특별시 중랑구,152.0,199.9,4,4
11RE,중부RDC,SEJ_SJ,세종특별자치시 세종특별자치시,58.2,59.0,2,2
11RE,중부RDC,ULS_N,울산광역시 남구,208.7,252.6,2,2
11RE,중부RDC,ULS_D,울산광역시 동구,213.5,250.7,2,2
11RE,중부RDC,ULS_B,울산광역시 북구,204.3,237.9,2,2
11RE,중부RDC,ULS_OJ,울산광역시 울주군,197.9,241.3,2,2
11RE,중부RDC,ULS_J,울산광역시 중구,205.8,239.3,2,2
11RE,중부RDC,ICN_GH,인천광역시 강화군,202.5,246.3,4,4
11RE,중부RDC,ICN_GO,인천광역시 계양구,173.1,215.4,4,4
11RE,중부RDC,ICN_ND,인천광역시 남동구,165.7,206.4,4,4
11RE,중부RDC,ICN_D,인천광역시 동구,174.7,216.1,4,4
11RE,중부RDC,ICN_MCH,인천광역시 미추홀구,173.0,214.9,4,4
11RE,중부RDC,ICN_BP,인천광역시 부평구,170.8,211.8,4,4
11RE,중부RDC,ICN_S,인천광역시 서구,179.6,222.0,4,4
11RE,중부RDC,ICN_OS,인천광역시 연수구,166.8,207.7,4,4
11RE,중부RDC,ICN_J,인천광역시 중구,174.6,217.7,4,4
11RE,중부RDC,JLN_GJ,전라남도 강진군,209.6,232.7,2,2
11RE,중부RDC,JLN_GH,전라남도 고흥군,194.1,220.0,2,1
11RE,중부RDC,JLN_GO,전라남도 광양시,152.7,173.3,3,1
11RE,중부RDC,JLN_GR,전라남도 구례군,127.0,133.5,2,1
11RE,중부RDC,JLN_NJ,전라남도 나주시,167.1,184.3,2,2
11RE,중부RDC,JLN_DO,전라남도 담양군,129.0,130.3,2,1
11RE,중부RDC,JLN_MP,전라남도 목포시,192.3,231.8,2,2
11RE,중부RDC,JLN_MO,전라남도 무안군,174.0,205.6,2,2
11RE,중부RDC,JLN_BS,전라남도 보성군,186.8,196.9,2,1
11RE,중부RDC,JLN_SC,전라남도 순천시,150.8,165.4,2,1
11RE,중부RDC,JLN_OS,전라남도 여수시,170.4,186.7,3,1
11RE,중부RDC,JLN_OG,전라남도 영광군,152.8,173.5,2,2
11RE,중부RDC,JLN_OO,전라남도 영암군,191.0,211.0,2,2
11RE,중부RDC,JLN_OD,전라남도 완도군,250.0,289.9,2,2
11RE,중부RDC,JLN_JS,전라남도 장성군,134.9,145.7,2,2
11RE,중부RDC,JLN_JH,전라남도 장흥군,201.9,220.5,2,2
11RE,중부RDC,JLN_JD,전라남도 진도군,242.9,278.2,2,2
11RE,중부RDC,JLN_HP,전라남도 함평군,170.2,197.7,2,2
11RE,중부RDC,JLN_HN,전라남도 해남군,219.3,246.8,2,2
11RE,중부RDC,JLN_HS,전라남도 화순군,155.4,168.0,2,2
11RE,중부RDC,JLB_GC,전라북도 고창군,134.1,139.0,2,2
11RE,중부RDC,JLB_GS,전라북도 군산시,105.1,104.8,2,2
11RE,중부RDC,JLB_GJ,전라북도 김제시,100.3,97.1,2,2
11RE,중부RDC,JLB_NO,전라북도 남원시,105.1,102.1,2,1
11RE,중부RDC,JLB_MJ,전라북도 무주군,33.6,30.4,1,1
11RE,중부RDC,JLB_BO,전라북도 부안군,114.7,115.3,2,2
11RE,중부RDC,JLB_SC,전라북도 순창군,114.8,115.2,2,1
11RE,중부RDC,JLB_OJ,전라북도 완주군,64.0,60.5,2,2
11RE,중부RDC,JLB_OS,전라북도 익산시,85.9,79.8,2,2
11RE,중부RDC,JLB_OS2,전라북도 임실군,82.5,79.2,2,1
11RE,중부RDC,JLB_JS,전라북도 장수군,64.3,70.3,1,1
11RE,중부RDC,JLB_JJDJ,전라북도 전주시 덕진구,76.3,70.0,2,2
11RE,중부RDC,JLB_JJOS,전라북도 전주시 완산구,80.9,72.9,2,2
11RE,중부RDC,JLB_JO,전라북도 정읍시,111.2,113.4,2,2
11RE,중부RDC,JLB_JO2,전라북도 진안군,52.7,49.9,1,1
11RE,중부RDC,CCN_GR,충청남도 계룡시,48.1,49.5,2,2
11RE,중부RDC,CCN_GJ,충청남도 공주시,65.7,69.2,3,2
11RE,중부RDC,CCN_GS,충청남도 금산군,9.8,4.8,1,1
11RE,중부RDC,CCN_NS,충청남도 논산시,67.8,53.3,2,2
11RE,중부RDC,CCN_DJ,충청남도 당진시,118.9,150.0,3,3
11RE,중부RDC,CCN_BR,충청남도 보령시,121.2,141.8,3,3
11RE,중부RDC,CCN_BO,충청남도 부여군,84.8,71.1,2,2
11RE,중부RDC,CCN_SS,충청남도 서산시,130.1,163.4,3,3
11RE,중부RDC,CCN_SC,충청남도 서천군,113.2,98.0,3,2
11RE,중부RDC,CCN_OS,충청남도 아산시,101.2,118.0,3,3
11RE,중부RDC,CCN_OS2,충청남도 예산군,99.1,120.7,3,3
11RE,중부RDC,CCN_CODN,충청남도 천안시 동남구,94.6,108.5,3,3
11RE,중부RDC,CCN_COSB,충청남도 천안시 서북구,100.8,115.0,4,3
11RE,중부RDC,CCN_CO,충청남도 청양군,100.5,116.6,3,3
11RE,중부RDC,CCN_TO,충청남도 태안군,148.2,181.6,3,3
11RE,중부RDC,CCN_HS,충청남도 홍성군,110.3,134.2,3,3
11RE,중부RDC,CCB_GS,충청북도 괴산군,101.8,119.0,4,4
11RE,중부RDC,CCB_DO,충청북도 단양군,168.3,202.2,5,5
11RE,중부RDC,CCB_BO,충청북도 보은군,54.6,61.2,1,1
11RE,중부RDC,CCB_OD,충청북도 영동군,39.5,33.8,1,1
11RE,중부RDC,CCB_OC,충청북도 옥천군,31.3,32.6,1,1
11RE,중부RDC,CCB_OS,충청북도 음성군,103.9,118.6,4,4
11RE,중부RDC,CCB_JC,충청북도 제천시,149.6,183.7,5,5
11RE,중부RDC,CCB_JP,충청북도 증평군,80.4,97.3,4,4
11RE,중부RDC,CCB_JC2,충청북도 진천군,86.2,106.4,4,4
11RE,중부RDC,CCB_CJSD,충청북도 청주시 상당구,67.8,68.3,2,2
11RE,중부RDC,CCB_CJSO,충청북도 청주시 서원구,67.1,75.5,3,3
11RE,중부RDC,CCB_CJCO,충청북도 청주시 청원구,70.4,78.1,3,3
11RE,중부RDC,CCB_CJHD,충청북도 청주시 흥덕구,63.4,74.4,3,3
11RE,중부RDC,CCB_CJ,충청북도 충주시,126.0,141.2,5,4
